SET session_replication_role = replica;

--
-- PostgreSQL database dump
--

-- Dumped from database version 15.8
-- Dumped by pg_dump version 15.8

SET statement_timeout = 0;
SET lock_timeout = 0;
SET idle_in_transaction_session_timeout = 0;
SET client_encoding = 'UTF8';
SET standard_conforming_strings = on;
SELECT pg_catalog.set_config('search_path', '', false);
SET check_function_bodies = false;
SET xmloption = content;
SET client_min_messages = warning;
SET row_security = off;

--
-- Data for Name: poc_documents; Type: TABLE DATA; Schema: public; Owner: postgres
--

INSERT INTO "public"."poc_documents" ("id", "slug", "title", "path", "tags", "created_at") VALUES
	('2f725959-1813-4be5-8768-1361b5de5fa6', NULL, 'Product Specification', NULL, '{}', '2025-04-18 15:49:07.651015+00'),
	('fcfd3ac4-d830-4f5f-a71e-f1123cdc478e', NULL, 'Product Specification', NULL, '{}', '2025-04-18 15:49:27.070453+00'),
	('6b4a2083-f55e-45aa-96b5-1d0139062eb2', NULL, 'Product Specification', NULL, '{}', '2025-04-18 15:50:18.80503+00'),
	('1ca6e32a-fae0-4c0f-ad2c-979d36f4d3df', NULL, 'Blank Document', NULL, '{}', '2025-04-18 15:56:31.880807+00'),
	('6a68a7f1-1c74-42ea-92c7-8e8ac9aa6195', NULL, 'Product Specification', NULL, '{}', '2025-04-18 15:57:03.749111+00'),
	('7a71ac45-ba7f-4926-bb3a-2ff4cefe2c4e', NULL, 'Product Specification', NULL, '{}', '2025-04-18 15:58:51.190701+00'),
	('c6a6b39c-37f2-48f2-a6c5-ac9b3e0b5e95', NULL, 'Product Specification', NULL, '{}', '2025-04-18 16:01:01.310262+00'),
	('b4dd35ff-1dcb-4a9e-9485-904b9dca1b9d', NULL, 'Product Specification', NULL, '{}', '2025-04-18 16:03:55.09341+00'),
	('9313b174-1c5d-41e2-84dc-3b7274fe648c', NULL, 'Product Specification', NULL, '{}', '2025-04-18 16:04:55.837544+00'),
	('1da30ef8-9a05-4142-92b8-0c992731c930', NULL, 'Product Specification', NULL, '{}', '2025-04-18 16:11:10.267941+00'),
	('fc137b09-2d86-41a9-8eb4-befda1ed6c88', NULL, 'Product Specification', NULL, '{}', '2025-04-18 16:20:36.235873+00'),
	('f8ebc289-405b-466d-a05a-2711b99d6adb', NULL, 'Product Specification', NULL, '{}', '2025-04-18 16:22:24.361559+00'),
	('bb4a6877-a600-4d2e-99f2-b3087c9d4764', NULL, 'Strategy Email', NULL, '{}', '2025-04-18 16:26:33.402236+00');


--
-- Data for Name: poc_document_versions; Type: TABLE DATA; Schema: public; Owner: postgres
--

INSERT INTO "public"."poc_document_versions" ("id", "doc_id", "yjs_state", "diff", "author", "created_at") VALUES
	('b21084c5-8021-4eed-922e-f4e25b514d54', 'b4dd35ff-1dcb-4a9e-9485-904b9dca1b9d', NULL, NULL, NULL, '2025-04-18 16:03:55.215722+00'),
	('6775815b-4aa1-4f1b-9ee4-c263b1ad89b9', '9313b174-1c5d-41e2-84dc-3b7274fe648c', NULL, NULL, NULL, '2025-04-18 16:04:55.934368+00'),
	('8a6e3428-d426-486f-b20b-c3cdaf64ae34', '1da30ef8-9a05-4142-92b8-0c992731c930', NULL, NULL, NULL, '2025-04-18 16:11:10.331456+00'),
	('0b5f3558-21e4-4c3b-8f8d-970496ce6c72', 'fc137b09-2d86-41a9-8eb4-befda1ed6c88', NULL, NULL, NULL, '2025-04-18 16:20:36.317222+00'),
	('5d8d035c-3df1-44c2-b96d-a80add73835c', 'f8ebc289-405b-466d-a05a-2711b99d6adb', NULL, NULL, NULL, '2025-04-18 16:22:24.429833+00'),
	('8f66f308-a709-4b85-9d90-80fe5a4bf1f6', 'bb4a6877-a600-4d2e-99f2-b3087c9d4764', NULL, NULL, NULL, '2025-04-18 16:26:33.51291+00');


--
-- Data for Name: poc_draft_diffs; Type: TABLE DATA; Schema: public; Owner: postgres
--

INSERT INTO "public"."poc_draft_diffs" ("id", "doc_id", "diff", "status", "created_at") VALUES
	('82496d0a-7bd3-4dfb-826f-98f4f35a1999', '9313b174-1c5d-41e2-84dc-3b7274fe648c', '{"to": "improved: User Stories", "pos": 148, "from": "User Stories", "length": 12, "rationale": "AI suggested this improvement for clarity."}', 'pending', '2025-04-18 16:10:50.184134+00'),
	('fdf3ca1e-d4a3-49f0-90d1-f93dd6704408', '1da30ef8-9a05-4142-92b8-0c992731c930', '{"to": "improved: Features & Requirements", "pos": 217, "from": "Features & Requirements", "length": 23, "rationale": "AI suggested this improvement for clarity."}', 'pending', '2025-04-18 16:11:29.067293+00'),
	('9ee60041-73e6-406b-92b0-5f2b6f6ff9a9', '1da30ef8-9a05-4142-92b8-0c992731c930', '{"to": "improved: Features & Requirements", "pos": 217, "from": "Features & Requirements", "length": 23, "rationale": "AI suggested this improvement for clarity."}', 'pending', '2025-04-18 16:11:33.04672+00'),
	('975b279d-dcdc-43a4-8063-3b242c88b6d5', '1da30ef8-9a05-4142-92b8-0c992731c930', '{"to": "improved: Features & Requirements", "pos": 217, "from": "Features & Requirements", "length": 23, "rationale": "AI suggested this improvement for clarity."}', 'pending', '2025-04-18 16:11:39.439435+00'),
	('c062dd0f-3b30-4207-8a5f-3da0b967465e', 'fc137b09-2d86-41a9-8eb4-befda1ed6c88', '{"to": "improved: oblem Statement", "pos": 92, "from": "oblem Statement", "length": 15, "rationale": "AI suggested this improvement for clarity."}', 'pending', '2025-04-18 16:20:39.037046+00'),
	('f4fe33e7-3f4c-4ef5-aaa3-44f59021cb20', 'fc137b09-2d86-41a9-8eb4-befda1ed6c88', '{"to": "improved: blem Statement", "pos": 103, "from": "blem Statement", "length": 16, "rationale": "AI suggested this improvement for clarity."}', 'pending', '2025-04-18 16:20:57.440344+00'),
	('fdfdbb19-6a37-426f-98a4-840c1d90c675', 'f8ebc289-405b-466d-a05a-2711b99d6adb', '{"to": "improved: User Stories", "pos": 148, "from": "User Stories", "length": 12, "rationale": "AI suggested this improvement for clarity."}', 'pending', '2025-04-18 16:22:27.029066+00'),
	('a5a5e140-641a-4581-9209-48c734d76b1f', 'f8ebc289-405b-466d-a05a-2711b99d6adb', '{"to": "improved: Features & Requirements", "pos": 217, "from": "Features & Requirements", "length": 23, "rationale": "AI suggested this improvement for clarity."}', 'pending', '2025-04-18 16:25:18.920321+00');


--
-- Data for Name: poc_integrations; Type: TABLE DATA; Schema: public; Owner: postgres
--

INSERT INTO "public"."poc_integrations" ("id", "name", "provider", "category", "icon_url", "input_schema", "output_schema", "config_schema", "requires_connection", "created_at", "updated_at") VALUES
	('e3c21175-b818-4c1c-9fc8-00a7525a4b6e', 'Slack: Send Channel Message', 'slack', 'Messaging', 'https://cdn.simpleicons.org/slack', '[{"id": "fld-channel", "name": "channel", "dataType": "string", "description": "Channel ID or name."}, {"id": "fld-message", "name": "message", "dataType": "string", "description": "Text message to send."}]', '[{"id": "fld-ts", "name": "messageTimestamp", "dataType": "string", "description": "Timestamp ID of the sent message."}]', NULL, true, '2025-04-15 10:31:58.543376+00', '2025-04-15 10:31:58.543376+00'),
	('cc68ade0-2113-4ef1-9ebb-b705f3e38770', 'Slack: Update Message', 'slack', 'Messaging', 'https://cdn.simpleicons.org/slack', '[{"id": "fld-ts", "name": "messageTimestamp", "dataType": "string", "description": "Timestamp ID of the message to update."}, {"id": "fld-channel", "name": "channel", "dataType": "string", "description": "Channel ID where the message exists."}, {"id": "fld-newMessage", "name": "newMessage", "dataType": "string", "description": "The updated message text."}]', '[{"id": "fld-ok", "name": "success", "dataType": "boolean", "description": "Indicates if the update was successful."}]', NULL, true, '2025-04-15 10:31:58.543376+00', '2025-04-15 10:31:58.543376+00'),
	('dd9e54fa-6023-40b7-9a14-edbb6800f6ee', 'Slack: Add Reaction', 'slack', 'Messaging', 'https://cdn.simpleicons.org/slack', '[{"id": "fld-ts", "name": "messageTimestamp", "dataType": "string", "description": "Timestamp ID of the message to react to."}, {"id": "fld-channel", "name": "channel", "dataType": "string", "description": "Channel ID where the message exists."}, {"id": "fld-reaction", "name": "reaction", "dataType": "string", "description": "Emoji name (e.g., thumbsup)."}]', '[{"id": "fld-ok", "name": "success", "dataType": "boolean", "description": "Indicates if the reaction was added."}]', NULL, true, '2025-04-15 10:31:58.543376+00', '2025-04-15 10:31:58.543376+00'),
	('e8864274-9e6f-4a4f-867a-5c44d719f66d', 'HTTP: Make Request', 'http', 'Utility', 'https://cdn.simpleicons.org/webrtc', '[{"id": "fld-url", "name": "url", "dataType": "string", "description": "URL to request."}, {"id": "fld-method", "name": "method", "default": "GET", "dataType": "string", "description": "HTTP method."}, {"id": "fld-headers", "name": "headers", "dataType": "object", "optional": true, "description": "Request headers."}, {"id": "fld-body", "name": "body", "dataType": "any", "optional": true, "description": "Request body."}]', '[{"id": "fld-status", "name": "statusCode", "dataType": "number", "description": "Response status code."}, {"id": "fld-headers", "name": "responseHeaders", "dataType": "object", "description": "Response headers."}, {"id": "fld-body", "name": "responseBody", "dataType": "any", "description": "Response body."}]', NULL, false, '2025-04-15 10:31:58.543376+00', '2025-04-15 10:31:58.543376+00'),
	('0d06e0ae-6f19-45ae-a1f2-42f97ea119de', 'Google Sheets: Add Row', 'google-sheets', 'Data Store', 'https://cdn.simpleicons.org/googlesheets', '[{"id": "fld-sheetId", "name": "spreadsheetId", "dataType": "string", "description": "Spreadsheet ID."}, {"id": "fld-sheetName", "name": "sheetName", "dataType": "string", "description": "Sheet name/tab."}, {"id": "fld-rowData", "name": "rowData", "dataType": "object", "description": "Row data object."}]', '[{"id": "fld-range", "name": "updatedRange", "dataType": "string", "description": "Range of the inserted row."}]', NULL, true, '2025-04-15 10:31:58.543376+00', '2025-04-15 10:31:58.543376+00'),
	('7a3c3177-45dc-49f1-8028-c26162be26d0', 'Google Sheets: Update Row', 'google-sheets', 'Data Store', 'https://cdn.simpleicons.org/googlesheets', '[{"id": "fld-sheetId", "name": "spreadsheetId", "dataType": "string", "description": "Spreadsheet ID."}, {"id": "fld-sheetName", "name": "sheetName", "dataType": "string", "description": "Sheet name/tab."}, {"id": "fld-rowNumber", "name": "rowNumber", "dataType": "number", "description": "The row number to update."}, {"id": "fld-rowData", "name": "rowData", "dataType": "object", "description": "New data for the row."}]', '[{"id": "fld-range", "name": "updatedRange", "dataType": "string", "description": "Range of the updated row."}]', NULL, true, '2025-04-15 10:31:58.543376+00', '2025-04-15 10:31:58.543376+00'),
	('d7d78288-40b4-4f0f-abf6-dc925f79da9c', 'Google Sheets: Get Row', 'google-sheets', 'Data Store', 'https://cdn.simpleicons.org/googlesheets', '[{"id": "fld-sheetId", "name": "spreadsheetId", "dataType": "string", "description": "Spreadsheet ID."}, {"id": "fld-sheetName", "name": "sheetName", "dataType": "string", "description": "Sheet name/tab."}, {"id": "fld-rowNumber", "name": "rowNumber", "dataType": "number", "description": "The row number to retrieve."}]', '[{"id": "fld-rowData", "name": "rowData", "dataType": "array", "description": "Array containing the values of the fetched row."}]', NULL, true, '2025-04-15 10:31:58.543376+00', '2025-04-15 10:31:58.543376+00'),
	('1051ee5f-2792-4a57-927d-2f1763e3b26b', 'Gmail: Send Email', 'gmail', 'Messaging', 'https://cdn.simpleicons.org/gmail', '[{"id": "fld-to", "name": "to", "dataType": "string", "description": "Recipient email address."}, {"id": "fld-subject", "name": "subject", "dataType": "string", "description": "Email subject."}, {"id": "fld-body", "name": "body", "dataType": "string", "description": "Email body (HTML/text)."}]', '[{"id": "fld-messageId", "name": "messageId", "dataType": "string", "description": "ID of the sent email."}]', NULL, true, '2025-04-15 10:31:58.543376+00', '2025-04-15 10:31:58.543376+00'),
	('3577b1b4-3c60-49b7-9458-e840bb146b02', 'Gmail: Add Label', 'gmail', 'Messaging', 'https://cdn.simpleicons.org/gmail', '[{"id": "fld-messageId", "name": "messageId", "dataType": "string", "description": "ID of the email message."}, {"id": "fld-labelId", "name": "labelId", "dataType": "string", "description": "ID of the label to add (e.g., STARRED, INBOX, or custom label ID)."}]', '[{"id": "fld-message", "name": "updatedMessage", "dataType": "object", "description": "Details of the message with updated labels."}]', NULL, true, '2025-04-15 10:31:58.543376+00', '2025-04-15 10:31:58.543376+00'),
	('23f652b6-3d81-4b1d-aae9-59ae0812b879', 'Notion: Create Database Page', 'notion', 'Productivity', 'https://cdn.simpleicons.org/notion', '[{"id": "fld-databaseId", "name": "databaseId", "dataType": "string", "description": "Notion database ID."}, {"id": "fld-properties", "name": "properties", "dataType": "object", "description": "Page properties."}]', '[{"id": "fld-pageId", "name": "pageId", "dataType": "string", "description": "ID of the created page."}]', NULL, true, '2025-04-15 10:31:58.543376+00', '2025-04-15 10:31:58.543376+00'),
	('06b3f4bd-6df2-4809-84b3-c19ca4085c97', 'Notion: Update Page Properties', 'notion', 'Productivity', 'https://cdn.simpleicons.org/notion', '[{"id": "fld-pageId", "name": "pageId", "dataType": "string", "description": "ID of the page to update."}, {"id": "fld-properties", "name": "properties", "dataType": "object", "description": "Properties to update."}]', '[{"id": "fld-page", "name": "updatedPage", "dataType": "object", "description": "Updated page object."}]', NULL, true, '2025-04-15 10:31:58.543376+00', '2025-04-15 10:31:58.543376+00'),
	('6c76692e-2a8c-4667-a796-3c488c26bffb', 'Notion: Get Page', 'notion', 'Productivity', 'https://cdn.simpleicons.org/notion', '[{"id": "fld-pageId", "name": "pageId", "dataType": "string", "description": "ID of the page to retrieve."}]', '[{"id": "fld-page", "name": "page", "dataType": "object", "description": "Retrieved page object."}]', NULL, true, '2025-04-15 10:31:58.543376+00', '2025-04-15 10:31:58.543376+00'),
	('7d9dc4a0-3c6b-4b5d-9d7c-0bb4b2cc706c', 'Google Drive: Upload File', 'google-drive', 'File Storage', 'https://cdn.simpleicons.org/googledrive', '[{"id": "fld-folderId", "name": "folderId", "dataType": "string", "optional": true, "description": "Destination folder ID (optional)."}, {"id": "fld-fileName", "name": "fileName", "dataType": "string", "description": "Name for the uploaded file."}, {"id": "fld-fileContent", "name": "fileContent", "dataType": "string", "description": "File content (base64/reference)."}]', '[{"id": "fld-fileId", "name": "fileId", "dataType": "string", "description": "ID of the uploaded file."}]', NULL, true, '2025-04-15 10:31:58.543376+00', '2025-04-15 10:31:58.543376+00'),
	('38a58db1-8ded-42e5-806d-5f67dbdc46bc', 'Google Drive: Download File', 'google-drive', 'File Storage', 'https://cdn.simpleicons.org/googledrive', '[{"id": "fld-fileId", "name": "fileId", "dataType": "string", "description": "ID of the file to download."}]', '[{"id": "fld-fileContent", "name": "fileContent", "dataType": "string", "description": "File content (e.g., base64 encoded)."}, {"id": "fld-fileName", "name": "fileName", "dataType": "string", "description": "Name of the downloaded file."}]', NULL, true, '2025-04-15 10:31:58.543376+00', '2025-04-15 10:31:58.543376+00'),
	('79c30ffb-2738-4699-9157-9c812af62f29', 'Google Drive: Create Folder', 'google-drive', 'File Storage', 'https://cdn.simpleicons.org/googledrive', '[{"id": "fld-parentFolderId", "name": "parentFolderId", "dataType": "string", "optional": true, "description": "ID of the parent folder (optional)."}, {"id": "fld-folderName", "name": "folderName", "dataType": "string", "description": "Name for the new folder."}]', '[{"id": "fld-folderId", "name": "folderId", "dataType": "string", "description": "ID of the created folder."}]', NULL, true, '2025-04-15 10:31:58.543376+00', '2025-04-15 10:31:58.543376+00'),
	('34caaab7-a888-4f7e-8cd2-84c9ea9dfd7b', 'OpenAI: Chat Completion', 'openai', 'AI', 'https://cdn.simpleicons.org/openai', '[{"id": "fld-prompt", "name": "prompt", "dataType": "string", "description": "Main user prompt."}, {"id": "fld-systemMsg", "name": "systemMessage", "dataType": "string", "optional": true, "description": "Optional system message."}]', '[{"id": "fld-response", "name": "responseText", "dataType": "string", "description": "Generated text response."}, {"id": "fld-usageTokens", "name": "tokensUsed", "dataType": "number", "description": "Tokens used."}]', '[{"id": "fld-model", "name": "model", "default": "gpt-4", "dataType": "string", "description": "Model (e.g., gpt-4)."}, {"id": "fld-temperature", "name": "temperature", "default": 0.7, "dataType": "number", "description": "Randomness (0.0-2.0)."}]', true, '2025-04-15 10:31:58.543376+00', '2025-04-15 10:31:58.543376+00'),
	('9be02335-8f24-4162-a439-40389ec9939e', 'OpenAI: Create Image (DALL-E)', 'openai', 'AI', 'https://cdn.simpleicons.org/openai', '[{"id": "fld-prompt", "name": "prompt", "dataType": "string", "description": "Description of the image to generate."}, {"id": "fld-size", "name": "size", "default": "1024x1024", "dataType": "string", "optional": true, "description": "Image size (e.g., 1024x1024)."}]', '[{"id": "fld-imageUrl", "name": "imageUrl", "dataType": "string", "description": "URL of the generated image."}, {"id": "fld-revisedPrompt", "name": "revisedPrompt", "dataType": "string", "description": "Revised prompt used by the model."}]', '[{"id": "fld-model", "name": "model", "default": "dall-e-3", "dataType": "string", "description": "Image generation model (e.g., dall-e-3)."}]', true, '2025-04-15 10:31:58.543376+00', '2025-04-15 10:31:58.543376+00'),
	('0ede54c6-f1e7-4bed-821b-5a35b68a4e65', 'Airtable: Get Record', 'airtable', 'Data Store', 'https://cdn.simpleicons.org/airtable', '[{"id": "fld-baseId", "name": "baseId", "dataType": "string", "description": "Base ID."}, {"id": "fld-tableId", "name": "tableId", "dataType": "string", "description": "Table ID/Name."}, {"id": "fld-recordId", "name": "recordId", "dataType": "string", "description": "ID of the record to retrieve."}]', '[{"id": "fld-record", "name": "record", "dataType": "object", "description": "Retrieved record details."}]', NULL, true, '2025-04-15 10:31:58.543376+00', '2025-04-15 10:31:58.543376+00'),
	('0bc34019-8675-4ccb-998f-5da7c68cd69e', 'Google Calendar: Create Event', 'google-calendar', 'Productivity', 'https://cdn.simpleicons.org/googlecalendar', '[{"id": "fld-calendarId", "name": "calendarId", "default": "primary", "dataType": "string", "description": "Calendar ID."}, {"id": "fld-summary", "name": "summary", "dataType": "string", "description": "Event title."}, {"id": "fld-start", "name": "startTime", "dataType": "string", "description": "Start time (ISO 8601)."}, {"id": "fld-end", "name": "endTime", "dataType": "string", "description": "End time (ISO 8601)."}]', '[{"id": "fld-eventId", "name": "eventId", "dataType": "string", "description": "ID of the created event."}]', NULL, true, '2025-04-15 10:31:58.543376+00', '2025-04-15 10:31:58.543376+00'),
	('81713cf1-e075-4b90-8655-8f7c16b16394', 'Google Calendar: Update Event', 'google-calendar', 'Productivity', 'https://cdn.simpleicons.org/googlecalendar', '[{"id": "fld-calendarId", "name": "calendarId", "default": "primary", "dataType": "string", "description": "Calendar ID."}, {"id": "fld-eventId", "name": "eventId", "dataType": "string", "description": "ID of the event to update."}, {"id": "fld-updates", "name": "updates", "dataType": "object", "description": "Object containing fields to update (summary, start, end, etc.)."}]', '[{"id": "fld-updatedEvent", "name": "updatedEvent", "dataType": "object", "description": "The updated event object."}]', NULL, true, '2025-04-15 10:31:58.543376+00', '2025-04-15 10:31:58.543376+00'),
	('574e569e-b5c3-415d-85aa-fa9783ed01d9', 'Google Calendar: Delete Event', 'google-calendar', 'Productivity', 'https://cdn.simpleicons.org/googlecalendar', '[{"id": "fld-calendarId", "name": "calendarId", "default": "primary", "dataType": "string", "description": "Calendar ID."}, {"id": "fld-eventId", "name": "eventId", "dataType": "string", "description": "ID of the event to delete."}]', '[]', NULL, true, '2025-04-15 10:31:58.543376+00', '2025-04-15 10:31:58.543376+00'),
	('496172c3-5d1a-4fcf-a6d1-5df1035a0cc1', 'Salesforce: Create Record', 'salesforce', 'CRM', 'https://cdn.simpleicons.org/salesforce', '[{"id": "fld-object", "name": "sobjectType", "dataType": "string", "description": "Object type (Lead, Contact)."}, {"id": "fld-data", "name": "recordData", "dataType": "object", "description": "Record field data."}]', '[{"id": "fld-recordId", "name": "recordId", "dataType": "string", "description": "ID of the created record."}]', NULL, true, '2025-04-15 10:31:58.543376+00', '2025-04-15 10:31:58.543376+00'),
	('1f55335e-4a7a-4eb8-ba32-44faa7025846', 'Salesforce: Update Record', 'salesforce', 'CRM', 'https://cdn.simpleicons.org/salesforce', '[{"id": "fld-object", "name": "sobjectType", "dataType": "string", "description": "Object type."}, {"id": "fld-recordId", "name": "recordId", "dataType": "string", "description": "ID of the record to update."}, {"id": "fld-data", "name": "recordData", "dataType": "object", "description": "Fields to update."}]', '[{"id": "fld-success", "name": "success", "dataType": "boolean", "description": "Indicates successful update."}]', NULL, true, '2025-04-15 10:31:58.543376+00', '2025-04-15 10:31:58.543376+00'),
	('12cb1cd9-de4e-4d94-911e-ead378c4aaff', 'Salesforce: Get Record', 'salesforce', 'CRM', 'https://cdn.simpleicons.org/salesforce', '[{"id": "fld-object", "name": "sobjectType", "dataType": "string", "description": "Object type."}, {"id": "fld-recordId", "name": "recordId", "dataType": "string", "description": "ID of the record to retrieve."}, {"id": "fld-fields", "name": "fields", "dataType": "array", "optional": true, "description": "Optional list of fields to retrieve."}]', '[{"id": "fld-record", "name": "record", "dataType": "object", "description": "Retrieved record data."}]', NULL, true, '2025-04-15 10:31:58.543376+00', '2025-04-15 10:31:58.543376+00'),
	('6bca3e48-7372-454d-9a2c-1876cd54267d', 'Salesforce: Find Records (SOQL)', 'salesforce', 'CRM', 'https://cdn.simpleicons.org/salesforce', '[{"id": "fld-query", "name": "soqlQuery", "dataType": "string", "description": "Salesforce Object Query Language (SOQL) query string."}]', '[{"id": "fld-records", "name": "records", "dataType": "array", "description": "Array of records matching the query."}]', NULL, true, '2025-04-15 10:31:58.543376+00', '2025-04-15 10:31:58.543376+00'),
	('fb3e3f6f-be67-4661-a047-370db9f19a82', 'HubSpot: Create Contact', 'hubspot', 'CRM', 'https://cdn.simpleicons.org/hubspot', '[{"id": "fld-properties", "name": "properties", "dataType": "object", "description": "Contact properties (email, firstname, etc.)."}]', '[{"id": "fld-contactId", "name": "contactId", "dataType": "string", "description": "ID of the created contact."}]', NULL, true, '2025-04-15 10:31:58.543376+00', '2025-04-15 10:31:58.543376+00'),
	('badb9b5b-3565-453e-9179-a5b0323a8271', 'HubSpot: Update Contact', 'hubspot', 'CRM', 'https://cdn.simpleicons.org/hubspot', '[{"id": "fld-contactId", "name": "contactId", "dataType": "string", "description": "ID of the contact to update."}, {"id": "fld-properties", "name": "properties", "dataType": "object", "description": "Properties to update."}]', '[{"id": "fld-updatedContact", "name": "updatedContact", "dataType": "object", "description": "Updated contact details."}]', NULL, true, '2025-04-15 10:31:58.543376+00', '2025-04-15 10:31:58.543376+00'),
	('ba35d0cc-d6e6-4070-a7b4-acd5186edbe6', 'HubSpot: Create Deal', 'hubspot', 'CRM', 'https://cdn.simpleicons.org/hubspot', '[{"id": "fld-properties", "name": "properties", "dataType": "object", "description": "Deal properties (dealname, amount, stage)."}, {"id": "fld-associations", "name": "associations", "dataType": "object", "optional": true, "description": "Associations (e.g., contact ID)."}]', '[{"id": "fld-dealId", "name": "dealId", "dataType": "string", "description": "ID of the created deal."}]', NULL, true, '2025-04-15 10:31:58.543376+00', '2025-04-15 10:31:58.543376+00'),
	('30a0c21f-2632-4870-858d-2a5f716402d2', 'HubSpot: Get Contact By Email', 'hubspot', 'CRM', 'https://cdn.simpleicons.org/hubspot', '[{"id": "fld-email", "name": "email", "dataType": "string", "description": "Email address of the contact to find."}]', '[{"id": "fld-contact", "name": "contact", "dataType": "object", "description": "Contact details if found."}]', NULL, true, '2025-04-15 10:31:58.543376+00', '2025-04-15 10:31:58.543376+00'),
	('e4ff7d3c-5c3d-4c38-ad9f-dfa5a2778b40', 'RSS: Get Feed Items', 'rss', 'Content', 'https://cdn.simpleicons.org/rss', '[{"id": "fld-feedUrl", "name": "feedUrl", "dataType": "string", "description": "URL of the RSS feed."}]', '[{"id": "fld-items", "name": "items", "dataType": "array", "description": "List of items found in the feed."}]', NULL, false, '2025-04-15 10:31:58.543376+00', '2025-04-15 10:31:58.543376+00'),
	('bdc28a29-52a2-45ac-acea-834f5bbd76d6', 'Airtable: Create Record', 'airtable', 'Data Store', 'https://cdn.simpleicons.org/airtable', '[{"id": "fld-baseId", "name": "baseId", "dataType": "string", "description": "Airtable Base ID."}, {"id": "fld-tableId", "name": "tableId", "dataType": "string", "description": "Table ID or Name."}, {"id": "fld-fields", "name": "fields", "dataType": "object", "description": "Record field data."}]', '[{"id": "fld-recordId", "name": "recordId", "dataType": "string", "description": "ID of the created record."}]', NULL, true, '2025-04-15 10:31:58.543376+00', '2025-04-15 10:31:58.543376+00'),
	('1deab43c-7f77-48d6-9a23-db5602218463', 'Airtable: Update Record', 'airtable', 'Data Store', 'https://cdn.simpleicons.org/airtable', '[{"id": "fld-baseId", "name": "baseId", "dataType": "string", "description": "Base ID."}, {"id": "fld-tableId", "name": "tableId", "dataType": "string", "description": "Table ID/Name."}, {"id": "fld-recordId", "name": "recordId", "dataType": "string", "description": "ID of the record to update."}, {"id": "fld-fields", "name": "fields", "dataType": "object", "description": "Fields to update."}]', '[{"id": "fld-updatedRecord", "name": "updatedRecord", "dataType": "object", "description": "Updated record details."}]', NULL, true, '2025-04-15 10:31:58.543376+00', '2025-04-15 10:31:58.543376+00'),
	('5a50efff-70d6-4fbb-87d5-2c161ec81461', 'Dropbox: Delete File or Folder', 'dropbox', 'File Storage', 'https://cdn.simpleicons.org/dropbox', '[{"id": "fld-path", "name": "path", "dataType": "string", "description": "Path of the file or folder to delete."}]', '[{"id": "fld-deletedMetadata", "name": "deletedMetadata", "dataType": "object", "description": "Metadata of the deleted item."}]', NULL, true, '2025-04-15 10:31:58.543376+00', '2025-04-15 10:31:58.543376+00'),
	('53048b44-c136-4ba5-9b3e-6c57febb2b7f', 'Airtable: List Records', 'airtable', 'Data Store', 'https://cdn.simpleicons.org/airtable', '[{"id": "fld-baseId", "name": "baseId", "dataType": "string", "description": "Base ID."}, {"id": "fld-tableId", "name": "tableId", "dataType": "string", "description": "Table ID/Name."}, {"id": "fld-filter", "name": "filterByFormula", "dataType": "string", "optional": true, "description": "Optional filter formula."}]', '[{"id": "fld-records", "name": "records", "dataType": "array", "description": "Array of matching records."}]', NULL, true, '2025-04-15 10:31:58.543376+00', '2025-04-15 10:31:58.543376+00'),
	('aa296fd6-4fbc-494b-a4a1-465fa93a0ad3', 'Xero: Create Invoice', 'xero', 'Accounting', 'https://cdn.simpleicons.org/xero', '[{"id": "fld-contactId", "name": "contactId", "dataType": "string", "description": "Xero contact ID."}, {"id": "fld-type", "name": "invoiceType", "dataType": "string", "description": "Invoice type (ACCREC)."}, {"id": "fld-lineItems", "name": "lineItems", "dataType": "array", "description": "Line item objects."}]', '[{"id": "fld-invoiceId", "name": "invoiceId", "dataType": "string", "description": "ID of the created invoice."}]', NULL, true, '2025-04-15 10:31:58.543376+00', '2025-04-15 10:31:58.543376+00'),
	('b73f4e05-ab16-4498-a650-7de40a28438f', 'Xero: Create Contact', 'xero', 'Accounting', 'https://cdn.simpleicons.org/xero', '[{"id": "fld-name", "name": "name", "dataType": "string", "description": "Contact name."}, {"id": "fld-email", "name": "emailAddress", "dataType": "string", "optional": true, "description": "Contact email."}]', '[{"id": "fld-contactId", "name": "contactId", "dataType": "string", "description": "ID of the created contact."}]', NULL, true, '2025-04-15 10:31:58.543376+00', '2025-04-15 10:31:58.543376+00'),
	('cc5a6621-e787-4df5-b974-ef19f6195a2e', 'Xero: Get Invoice', 'xero', 'Accounting', 'https://cdn.simpleicons.org/xero', '[{"id": "fld-invoiceId", "name": "invoiceId", "dataType": "string", "description": "ID of the invoice to retrieve."}]', '[{"id": "fld-invoice", "name": "invoice", "dataType": "object", "description": "Retrieved invoice details."}]', NULL, true, '2025-04-15 10:31:58.543376+00', '2025-04-15 10:31:58.543376+00'),
	('5fd8fc1e-b35d-4361-b449-fa14acbb8bd2', 'Discord: Send Channel Message', 'discord', 'Messaging', 'https://cdn.simpleicons.org/discord', '[{"id": "fld-channelId", "name": "channelId", "dataType": "string", "description": "Discord channel ID."}, {"id": "fld-content", "name": "content", "dataType": "string", "description": "Message content."}]', '[{"id": "fld-messageId", "name": "messageId", "dataType": "string", "description": "ID of the sent message."}]', NULL, true, '2025-04-15 10:31:58.543376+00', '2025-04-15 10:31:58.543376+00'),
	('b92b7d02-12e1-498d-9e9e-a9baa01f90b6', 'Discord: Send Direct Message', 'discord', 'Messaging', 'https://cdn.simpleicons.org/discord', '[{"id": "fld-userId", "name": "userId", "dataType": "string", "description": "Discord user ID to send DM to."}, {"id": "fld-content", "name": "content", "dataType": "string", "description": "Message content."}]', '[{"id": "fld-messageId", "name": "messageId", "dataType": "string", "description": "ID of the sent DM."}]', NULL, true, '2025-04-15 10:31:58.543376+00', '2025-04-15 10:31:58.543376+00'),
	('8c82446b-a123-4528-9cb3-9b7a22adf06b', 'GitHub: Create Issue', 'github', 'Developer Tools', 'https://cdn.simpleicons.org/github', '[{"id": "fld-owner", "name": "owner", "dataType": "string", "description": "Repo owner."}, {"id": "fld-repo", "name": "repo", "dataType": "string", "description": "Repo name."}, {"id": "fld-title", "name": "title", "dataType": "string", "description": "Issue title."}, {"id": "fld-body", "name": "body", "dataType": "string", "optional": true, "description": "Issue body."}]', '[{"id": "fld-issueNumber", "name": "issueNumber", "dataType": "number", "description": "Created issue number."}, {"id": "fld-issueUrl", "name": "issueUrl", "dataType": "string", "description": "URL of the issue."}]', NULL, true, '2025-04-15 10:31:58.543376+00', '2025-04-15 10:31:58.543376+00'),
	('d2d76aa4-f511-47ab-915d-3c35e4d4096f', 'ClickUp: Update Task', 'clickup', 'Project Management', 'https://cdn.simpleicons.org/clickup', '[{"id": "fld-taskId", "name": "taskId", "dataType": "string", "description": "ID of the task to update."}, {"id": "fld-updates", "name": "updates", "dataType": "object", "description": "Object containing fields to update (name, description, status, etc.)."}]', '[{"id": "fld-updatedTask", "name": "updatedTask", "dataType": "object", "description": "Updated task details."}]', NULL, true, '2025-04-15 10:31:58.543376+00', '2025-04-15 10:31:58.543376+00'),
	('77a5bb0c-7a35-4709-8ce0-158b38d61f0c', 'GitHub: Create Issue Comment', 'github', 'Developer Tools', 'https://cdn.simpleicons.org/github', '[{"id": "fld-owner", "name": "owner", "dataType": "string", "description": "Repo owner."}, {"id": "fld-repo", "name": "repo", "dataType": "string", "description": "Repo name."}, {"id": "fld-issueNumber", "name": "issueNumber", "dataType": "number", "description": "Issue number to comment on."}, {"id": "fld-comment", "name": "comment", "dataType": "string", "description": "Comment body."}]', '[{"id": "fld-commentId", "name": "commentId", "dataType": "number", "description": "ID of the created comment."}]', NULL, true, '2025-04-15 10:31:58.543376+00', '2025-04-15 10:31:58.543376+00'),
	('fdfdb562-862b-48bf-bd78-c71896cd2ff5', 'GitHub: Get Issue', 'github', 'Developer Tools', 'https://cdn.simpleicons.org/github', '[{"id": "fld-owner", "name": "owner", "dataType": "string", "description": "Repo owner."}, {"id": "fld-repo", "name": "repo", "dataType": "string", "description": "Repo name."}, {"id": "fld-issueNumber", "name": "issueNumber", "dataType": "number", "description": "Issue number to retrieve."}]', '[{"id": "fld-issue", "name": "issue", "dataType": "object", "description": "Retrieved issue details."}]', NULL, true, '2025-04-15 10:31:58.543376+00', '2025-04-15 10:31:58.543376+00'),
	('a6bfb44f-e57f-4f09-9b27-e8e0428746fa', 'GitHub: List Repository Commits', 'github', 'Developer Tools', 'https://cdn.simpleicons.org/github', '[{"id": "fld-owner", "name": "owner", "dataType": "string", "description": "Repo owner."}, {"id": "fld-repo", "name": "repo", "dataType": "string", "description": "Repo name."}, {"id": "fld-branch", "name": "branch", "dataType": "string", "optional": true, "description": "Branch/SHA (optional)."}]', '[{"id": "fld-commits", "name": "commits", "dataType": "array", "description": "List of commit objects."}]', NULL, true, '2025-04-15 10:31:58.543376+00', '2025-04-15 10:31:58.543376+00'),
	('f44a4c64-192c-490f-966f-fd737bdd094f', 'Telegram: Send Message', 'telegram', 'Messaging', 'https://cdn.simpleicons.org/telegram', '[{"id": "fld-chatId", "name": "chatId", "dataType": "string", "description": "Target chat ID or username."}, {"id": "fld-text", "name": "text", "dataType": "string", "description": "Message text."}]', '[{"id": "fld-messageId", "name": "messageId", "dataType": "number", "description": "Unique message identifier."}]', NULL, true, '2025-04-15 10:31:58.543376+00', '2025-04-15 10:31:58.543376+00'),
	('4c657917-fcf1-4c4d-86a2-605ec5243706', 'Telegram: Edit Message Text', 'telegram', 'Messaging', 'https://cdn.simpleicons.org/telegram', '[{"id": "fld-chatId", "name": "chatId", "dataType": "string", "description": "Chat ID."}, {"id": "fld-messageId", "name": "messageId", "dataType": "number", "description": "Identifier of the message to edit."}, {"id": "fld-newText", "name": "newText", "dataType": "string", "description": "New message text."}]', '[{"id": "fld-editedMessage", "name": "editedMessage", "dataType": "object", "description": "The edited message object or true."}]', NULL, true, '2025-04-15 10:31:58.543376+00', '2025-04-15 10:31:58.543376+00'),
	('430d4842-8fb8-4790-b7fc-dcd8bc176e6c', 'Dropbox: Upload File', 'dropbox', 'File Storage', 'https://cdn.simpleicons.org/dropbox', '[{"id": "fld-path", "name": "path", "dataType": "string", "description": "Full path to save file (e.g., /folder/file.txt)."}, {"id": "fld-fileContent", "name": "fileContent", "dataType": "string", "description": "File content (base64/reference)."}]', '[{"id": "fld-fileMetadata", "name": "fileMetadata", "dataType": "object", "description": "Metadata of the uploaded file."}]', NULL, true, '2025-04-15 10:31:58.543376+00', '2025-04-15 10:31:58.543376+00'),
	('03213d2b-049c-43ce-90e5-4ba098c9a32f', 'Dropbox: Download File', 'dropbox', 'File Storage', 'https://cdn.simpleicons.org/dropbox', '[{"id": "fld-path", "name": "path", "dataType": "string", "description": "Path of the file to download."}]', '[{"id": "fld-fileContent", "name": "fileContent", "dataType": "string", "description": "File content (base64 encoded)."}, {"id": "fld-fileMetadata", "name": "fileMetadata", "dataType": "object", "description": "Metadata of the downloaded file."}]', NULL, true, '2025-04-15 10:31:58.543376+00', '2025-04-15 10:31:58.543376+00'),
	('928bf107-1073-48d0-a143-b7fdba8210a5', 'Stripe: Create Charge', 'stripe', 'Payments', 'https://cdn.simpleicons.org/stripe', '[{"id": "fld-amount", "name": "amount", "dataType": "number", "description": "Amount in smallest unit."}, {"id": "fld-currency", "name": "currency", "dataType": "string", "description": "ISO currency code."}, {"id": "fld-source", "name": "source", "dataType": "string", "description": "Payment source ID."}]', '[{"id": "fld-chargeId", "name": "chargeId", "dataType": "string", "description": "ID of the created charge."}]', NULL, true, '2025-04-15 10:31:58.543376+00', '2025-04-15 10:31:58.543376+00'),
	('d3c89dab-9bdf-467b-860a-9d70e54abf3c', 'Stripe: Create Customer', 'stripe', 'Payments', 'https://cdn.simpleicons.org/stripe', '[{"id": "fld-email", "name": "email", "dataType": "string", "optional": true, "description": "Customer email."}, {"id": "fld-name", "name": "name", "dataType": "string", "optional": true, "description": "Customer name."}, {"id": "fld-paymentMethod", "name": "paymentMethod", "dataType": "string", "optional": true, "description": "Payment method ID to attach."}]', '[{"id": "fld-customerId", "name": "customerId", "dataType": "string", "description": "ID of the created customer."}]', NULL, true, '2025-04-15 10:31:58.543376+00', '2025-04-15 10:31:58.543376+00'),
	('12e95415-23a4-4b0d-a45a-c5f527acd45c', 'Stripe: Retrieve Charge', 'stripe', 'Payments', 'https://cdn.simpleicons.org/stripe', '[{"id": "fld-chargeId", "name": "chargeId", "dataType": "string", "description": "ID of the charge to retrieve."}]', '[{"id": "fld-charge", "name": "charge", "dataType": "object", "description": "Retrieved charge details."}]', NULL, true, '2025-04-15 10:31:58.543376+00', '2025-04-15 10:31:58.543376+00'),
	('13db84e4-934a-4c6a-b024-489ad1f7f206', 'Twilio: Send SMS', 'twilio', 'Communication', 'https://cdn.simpleicons.org/twilio', '[{"id": "fld-to", "name": "to", "dataType": "string", "description": "Recipient phone number (E.164)."}, {"id": "fld-from", "name": "from", "dataType": "string", "description": "Twilio number or SID."}, {"id": "fld-body", "name": "body", "dataType": "string", "description": "SMS message body."}]', '[{"id": "fld-messageSid", "name": "messageSid", "dataType": "string", "description": "SID of the sent message."}]', NULL, true, '2025-04-15 10:31:58.543376+00', '2025-04-15 10:31:58.543376+00'),
	('188ed8a8-a78a-4761-81d7-d771a9566795', 'Twilio: Make Call', 'twilio', 'Communication', 'https://cdn.simpleicons.org/twilio', '[{"id": "fld-to", "name": "to", "dataType": "string", "description": "Number to call (E.164)."}, {"id": "fld-from", "name": "from", "dataType": "string", "description": "Twilio caller ID number."}, {"id": "fld-twiml", "name": "twiml", "dataType": "string", "description": "TwiML instructions for the call (URL or inline XML)."}]', '[{"id": "fld-callSid", "name": "callSid", "dataType": "string", "description": "SID of the initiated call."}]', NULL, true, '2025-04-15 10:31:58.543376+00', '2025-04-15 10:31:58.543376+00'),
	('dc66c159-6e74-4602-bdb0-be34910cffa0', 'ClickUp: Create Task', 'clickup', 'Project Management', 'https://cdn.simpleicons.org/clickup', '[{"id": "fld-listId", "name": "listId", "dataType": "string", "description": "ClickUp list ID."}, {"id": "fld-name", "name": "name", "dataType": "string", "description": "Task name."}, {"id": "fld-description", "name": "description", "dataType": "string", "optional": true, "description": "Task description."}]', '[{"id": "fld-taskId", "name": "taskId", "dataType": "string", "description": "ID of the created task."}, {"id": "fld-taskUrl", "name": "taskUrl", "dataType": "string", "description": "URL of the task."}]', NULL, true, '2025-04-15 10:31:58.543376+00', '2025-04-15 10:31:58.543376+00'),
	('488e6eec-4241-485a-84ad-c994656acb2c', 'ClickUp: Add Comment to Task', 'clickup', 'Project Management', 'https://cdn.simpleicons.org/clickup', '[{"id": "fld-taskId", "name": "taskId", "dataType": "string", "description": "ID of the task to comment on."}, {"id": "fld-comment", "name": "commentText", "dataType": "string", "description": "The comment text."}]', '[{"id": "fld-commentId", "name": "commentId", "dataType": "string", "description": "ID of the created comment."}]', NULL, true, '2025-04-15 10:31:58.543376+00', '2025-04-15 10:31:58.543376+00'),
	('88e5b4ff-ef4e-4561-bd46-131f63f2acea', 'GitHub: Get files', 'github', 'Developer Tools', 'https://cdn.simpleicons.org/github', '[{"id": "fld-owner", "name": "owner", "dataType": "string", "description": "Repo owner."}, {"id": "fld-repo", "name": "repo", "dataType": "string", "description": "Repo name."}, {"id": "fld-paths", "name": "paths", "dataType": "array", "description": "Array of paths to the files or directories."}]', '[{"id": "fld-files", "name": "files", "dataType": "array", "description": "List of file objects/details found at the specified paths."}]', NULL, true, '2025-04-21 14:39:27.406653+00', '2025-04-21 14:39:27.406653+00'),
	('2ec49073-e8cf-424e-9011-881bf9014944', 'GitHub: Create Commit', 'github', 'Developer Tools', 'https://cdn.simpleicons.org/github', '[{"id": "fld-owner", "name": "owner", "dataType": "string", "description": "Repo owner."}, {"id": "fld-repo", "name": "repo", "dataType": "string", "description": "Repo name."}, {"id": "fld-branch", "name": "branch", "dataType": "string", "description": "Branch to commit to."}, {"id": "fld-message", "name": "message", "dataType": "string", "description": "Commit message."}, {"id": "fld-files", "name": "files", "dataType": "array", "description": "Array of file objects to commit, each with path and content properties."}]', '[{"id": "fld-commitSha", "name": "commitSha", "dataType": "string", "description": "SHA of the created commit."}, {"id": "fld-commitUrl", "name": "commitUrl", "dataType": "string", "description": "URL of the created commit."}]', NULL, true, '2025-04-21 15:04:53.535598+00', '2025-04-21 15:04:53.535598+00'),
	('62e7358d-2876-44fd-b37f-f59064b52062', 'GitHub: Create Branch', 'github', 'Developer Tools', 'https://cdn.simpleicons.org/github', '[{"id": "fld-owner", "name": "owner", "dataType": "string", "description": "Repo owner."}, {"id": "fld-repo", "name": "repo", "dataType": "string", "description": "Repo name."}, {"id": "fld-branchName", "name": "branchName", "dataType": "string", "description": "Name for the new branch."}, {"id": "fld-sourceSha", "name": "sourceSha", "dataType": "string", "description": "Commit SHA to branch from."}]', '[{"id": "fld-branchNameOut", "name": "branchName", "dataType": "string", "description": "Name of the created branch."}, {"id": "fld-ref", "name": "ref", "dataType": "string", "description": "Full ref of the created branch (e.g., refs/heads/new-branch)."}]', NULL, true, '2025-04-21 15:05:08.58675+00', '2025-04-21 15:05:08.58675+00'),
	('f7ab24cb-122f-4331-bc5c-0f1179ce9c97', 'GitHub: Create Pull Request', 'github', 'Developer Tools', 'https://cdn.simpleicons.org/github', '[{"id": "fld-owner", "name": "owner", "dataType": "string", "description": "Repo owner."}, {"id": "fld-repo", "name": "repo", "dataType": "string", "description": "Repo name."}, {"id": "fld-title", "name": "title", "dataType": "string", "description": "Pull request title."}, {"id": "fld-headBranch", "name": "headBranch", "dataType": "string", "description": "The branch containing the changes."}, {"id": "fld-baseBranch", "name": "baseBranch", "dataType": "string", "description": "The branch to merge changes into."}, {"id": "fld-body", "name": "body", "dataType": "string", "optional": true, "description": "Pull request description."}]', '[{"id": "fld-prNumber", "name": "prNumber", "dataType": "number", "description": "Number of the created pull request."}, {"id": "fld-prUrl", "name": "prUrl", "dataType": "string", "description": "URL of the created pull request."}]', NULL, true, '2025-04-21 15:05:26.449212+00', '2025-04-21 15:05:26.449212+00');


--
-- Data for Name: poc_workflow_folders; Type: TABLE DATA; Schema: public; Owner: postgres
--

INSERT INTO "public"."poc_workflow_folders" ("id", "name", "created_at") VALUES
	('19e604aa-1aa3-41bc-bc55-c4ea280bd3b7', 'Demos', '2025-04-12 19:36:57.692921+00'),
	('ca0b848a-42e7-4d0f-abea-7ca731bdee9f', 'Finance', '2025-04-12 19:37:05.585073+00');


--
-- Data for Name: poc_workflows; Type: TABLE DATA; Schema: public; Owner: postgres
--

INSERT INTO "public"."poc_workflows" ("id", "name", "description", "nodes", "edges", "created_at", "updated_at", "workflow_folder_id", "input_schema", "output_schema") VALUES
	('874cb490-3cef-4f7e-94a2-47c7c4a39fbb', 'Order Approval Workflow 2', 'Auto-process orders and send confirmation, with approval for high-value orders (Refactored: conditional edges from input, JSON structure aligned with React Flow, includes config/schemas)', '[{"id": "data-store_7", "data": {"type": "data-store", "label": "Get Order Details", "config": {"table": "orders", "action": "get", "filterValue": "inputId", "filterColumn": "id"}, "branches": [{"id": "br-zxODef8R", "name": "High Value", "color": "#f59e0b", "condition": "${step.orderAmount} > 1000"}, {"id": "br-jH2Ng47U", "name": "Lower Value", "color": "#64748b", "condition": "otherwise"}], "sublabel": "Get orders", "description": "", "input_schema": [{"id": "orderId", "name": "Order ID", "dataType": "string", "optional": false}], "output_schema": []}, "type": "custom", "width": 256, "height": 95, "dragging": false, "position": {"x": 20, "y": 100}, "selected": false, "positionAbsolute": {"x": 20, "y": 100}}, {"id": "document_6", "data": {"type": "document", "label": "Fill Template", "sublabel": "Generate Confirmation Email", "description": "", "input_schema": [{"id": "customerEmail", "name": "Customer Email", "dataType": "string", "optional": false}, {"id": "orderId", "name": "Order ID", "dataType": "string", "optional": false}, {"id": "products", "name": "Products", "dataType": "array", "optional": false}, {"id": "customerName", "name": "Customer Name", "dataType": "string", "optional": false}], "output_schema": [{"id": "emailBody", "name": "Email Body", "dataType": "string", "optional": false}]}, "type": "custom", "width": 256, "height": 62, "dragging": false, "position": {"x": 60, "y": 460}, "selected": false, "positionAbsolute": {"x": 60, "y": 460}}, {"id": "integration_5", "data": {"type": "integration", "label": "Email Customer", "config": {"icon_url": "https://cdn.simpleicons.org/gmail", "connection_id": "conn-1", "integration_id": "1051ee5f-2792-4a57-927d-2f1763e3b26b"}, "sublabel": "Send Confirmation Email", "description": "", "input_schema": [{"id": "fld-to", "name": "to", "dataType": "string", "description": "Recipient email address."}, {"id": "fld-subject", "name": "subject", "dataType": "string", "description": "Email subject."}, {"id": "fld-body", "name": "body", "dataType": "string", "description": "Email body (HTML/text)."}], "output_schema": []}, "type": "custom", "width": 256, "height": 62, "dragging": false, "position": {"x": 60, "y": 540}, "selected": false, "positionAbsolute": {"x": 60, "y": 540}}, {"id": "data-store_5", "data": {"type": "data-store", "label": "Update Order Status", "config": {"table": "orders", "action": "update", "mappings": {"status": "In Progress"}, "filterValue": "{{orderId}}", "filterColumn": "id"}, "sublabel": "Update orders", "description": "", "input_schema": [{"id": "orderId", "name": "Order ID", "dataType": "string", "optional": false}], "output_schema": []}, "type": "custom", "width": 256, "height": 62, "dragging": false, "position": {"x": 60, "y": 380}, "selected": false, "positionAbsolute": {"x": 60, "y": 380}}, {"id": "node-input", "data": {"type": "workflow-input", "label": "Workflow Input", "branches": [], "sublabel": "Input: Order ID", "description": "", "input_schema": [], "output_schema": [{"id": "orderId", "name": "Order ID", "dataType": "uuid"}]}, "type": "custom", "width": 256, "height": 62, "dragging": false, "position": {"x": 20, "y": 20}, "selected": false, "positionAbsolute": {"x": 20, "y": 20}}, {"id": "node-manual", "data": {"type": "manual-task", "label": "Approve Order", "config": {"priority": "HIGH", "assignment": {"rule": null, "type": "ROLE", "assignees": ["manager"]}, "dueDuration": "P1D", "instructions": "Review the order and approve if all details are correct.", "uiComponentId": "order-approval-form-v1", "allowedActions": ["Declined", "Approved"], "allowDelegation": false, "allowReassignment": true, "escalationPolicyId": "default-escalation"}, "branches": [{"id": "br-SfwkFP3T", "name": "Declined", "color": "#ef4444", "condition": ""}, {"id": "br-STS8o3iF", "name": "Approved", "color": "#22c55e", "condition": ""}], "sublabel": "Assigned to Manager", "description": "", "input_schema": [{"id": "orderId", "name": "Order ID", "source": "fld-orderId", "dataType": "string"}, {"id": "orderAmount", "name": "Order Amount", "source": "fld-orderAmount", "dataType": "number"}], "output_schema": []}, "type": "custom", "width": 256, "height": 95, "dragging": false, "position": {"x": -80, "y": 240}, "selected": false, "positionAbsolute": {"x": -80, "y": 240}}, {"id": "node-output", "data": {"type": "workflow-output", "label": "Workflow Output", "config": {}, "sublabel": "Output: Approved (True/False)", "description": "", "input_schema": [{"id": "approved", "name": "Approved", "source": "fld-approved", "dataType": "boolean"}], "output_schema": []}, "type": "custom", "width": 256, "height": 62, "dragging": false, "position": {"x": -100, "y": 640}, "selected": false, "positionAbsolute": {"x": -100, "y": 640}}]', '[{"id": "edge-JttynZtu", "data": {"branchId": "br-SfwkFP3T"}, "type": "custom", "style": {"stroke": "#9ca3af", "strokeWidth": 2}, "source": "node-manual", "target": "node-output", "selected": false, "markerEnd": {"type": "arrow", "color": "#9ca3af"}, "sourceHandle": "node-manual-br-SfwkFP3T", "targetHandle": null}, {"id": "edge-8eUjcyKS", "data": {"branchId": "br-STS8o3iF"}, "type": "custom", "style": {"stroke": "#9ca3af", "strokeWidth": 2}, "source": "node-manual", "target": "data-store_5", "selected": false, "markerEnd": {"type": "arrow", "color": "#9ca3af"}, "sourceHandle": "node-manual-br-STS8o3iF", "targetHandle": null}, {"id": "edge-Cm09vRJs", "data": {}, "type": "custom", "style": {"stroke": "#9ca3af", "strokeWidth": 2}, "source": "integration_5", "target": "node-output", "selected": false, "markerEnd": {"type": "arrow", "color": "#9ca3af"}, "targetHandle": null}, {"id": "edge-iM5Q4JWG", "data": {}, "type": "custom", "style": {"stroke": "#9ca3af", "strokeWidth": 2}, "source": "node-input", "target": "data-store_7", "selected": false, "markerEnd": {"type": "arrowclosed"}, "targetHandle": null}, {"id": "edge-7SzTfRNe", "data": {"branchId": "br-zxODef8R"}, "type": "custom", "style": {"stroke": "#9ca3af", "strokeWidth": 2}, "source": "data-store_7", "target": "node-manual", "selected": false, "markerEnd": {"type": "arrowclosed"}, "sourceHandle": "data-store_7-br-zxODef8R", "targetHandle": null}, {"id": "edge-9E_eVBma", "data": {"branchId": "br-jH2Ng47U"}, "type": "custom", "style": {"stroke": "#9ca3af", "strokeWidth": 2}, "source": "data-store_7", "target": "data-store_5", "selected": false, "markerEnd": {"type": "arrowclosed"}, "sourceHandle": "data-store_7-br-jH2Ng47U", "targetHandle": null}, {"id": "edge-R4JBVbXF", "data": {}, "type": "custom", "style": {"stroke": "#9ca3af", "strokeWidth": 2}, "source": "data-store_5", "target": "document_6", "selected": false, "markerEnd": {"type": "arrowclosed"}, "targetHandle": null}, {"id": "edge-rucxzYY0", "data": {}, "type": "custom", "style": {"stroke": "#9ca3af", "strokeWidth": 2}, "source": "document_6", "target": "integration_5", "selected": false, "markerEnd": {"type": "arrowclosed"}, "targetHandle": null}]', '2025-04-16 12:48:44.689149+00', '2025-04-16 12:48:44.689149+00', '19e604aa-1aa3-41bc-bc55-c4ea280bd3b7', '[{"id": "orderId", "name": "Order ID", "dataType": "uuid"}]', '[{"id": "approved", "name": "Approved", "dataType": "boolean"}]'),
	('fa5e0be0-385a-4e3a-950d-d3b4923918e7', 'Match Transactions to Bookings', 'Sub-workflow to match payout transactions to bookings in the database. Handles standard matching and Booking.com multi-room scenarios.', '[{"id": "data-store_12", "data": {"type": "data-store", "label": "Data Store", "sublabel": "Load or save business data"}, "type": "custom", "width": 256, "height": 62, "dragging": false, "position": {"x": 300, "y": 60}, "selected": false, "positionAbsolute": {"x": 300, "y": 60}}, {"id": "input-match", "data": {"type": "workflow-input", "label": "Match Booking Input", "sublabel": "Transaction Data & Context", "description": "Receives transactions, payout type, tenant ID, payout ID, statement ID."}, "type": "custom", "width": 256, "height": 62, "dragging": false, "position": {"x": 300, "y": -420}, "selected": false, "positionAbsolute": {"x": 300, "y": -420}}, {"id": "prepare-ids", "data": {"type": "code-task", "label": "Prepare Inquiry IDs", "language": "python", "sublabel": "Standardize for matching", "description": "Formats ''reference'' field from transactions into a standardized ''inquiry_id''. Handles specific formatting for BDC (cleaning, adding prefix ''booking.com-'')."}, "type": "custom", "width": 256, "height": 62, "dragging": false, "position": {"x": 300, "y": -300}, "selected": false, "positionAbsolute": {"x": 300, "y": -300}}, {"id": "fetch-matches", "data": {"type": "data-store", "label": "Fetch Booking Matches", "provider": "postgresql", "sublabel": "Query bookings_view", "description": "Queries the bookings_view table using the generated unique inquiry_ids."}, "type": "custom", "width": 256, "height": 62, "dragging": false, "position": {"x": 300, "y": -180}, "selected": false, "positionAbsolute": {"x": 300, "y": -180}}, {"id": "merge-update", "data": {"type": "code-task", "label": "Merge & Update DB", "language": "python", "sublabel": "Link transactions to bookings", "description": "Merges fetched booking data with transactions. Updates the original ''transactions'' table in the database with the ''booking_id'' for successfully matched records."}, "type": "custom", "width": 256, "height": 62, "dragging": false, "position": {"x": 300, "y": -60}, "selected": false, "positionAbsolute": {"x": 300, "y": -60}}, {"id": "check-unmatched-1", "data": {"type": "decision", "label": "Any Unmatched?", "sublabel": "Check if all have booking_id", "description": "Examines if any transactions still lack a booking_id after the initial merge/update."}, "type": "custom", "width": 256, "height": 62, "dragging": false, "position": {"x": 300, "y": 200}, "selected": false, "positionAbsolute": {"x": 300, "y": 200}}, {"id": "check-bdc", "data": {"type": "decision", "label": "BDC Payout?", "sublabel": "Is payout_type = bdc_csv?", "description": "Checks if the payout type allows for multi-room matching logic (currently only Booking.com)."}, "type": "custom", "width": 256, "height": 62, "dragging": false, "position": {"x": 580, "y": 300}, "selected": false, "positionAbsolute": {"x": 580, "y": 300}}, {"id": "attempt-multi-room", "data": {"type": "code-task", "label": "Attempt Multi-Room Match", "language": "python", "sublabel": "Handle BDC splits", "description": "For unmatched BDC transactions, queries bookings_view with LIKE on reference, calculates financial splits, and generates new split transaction records if multiple bookings are found."}, "type": "custom", "width": 256, "height": 62, "dragging": false, "position": {"x": 580, "y": 420}, "selected": false, "positionAbsolute": {"x": 580, "y": 420}}, {"id": "update-db-multi-room", "data": {"type": "data-store", "label": "Update DB (Splits)", "provider": "postgresql", "sublabel": "Delete original, insert splits", "description": "Deletes the original transactions that were successfully split. Inserts the newly generated split transaction records into the database."}, "type": "custom", "width": 256, "height": 62, "dragging": false, "position": {"x": 580, "y": 540}, "selected": false, "positionAbsolute": {"x": 580, "y": 540}}, {"id": "check-unmatched-2", "data": {"type": "decision", "label": "Any Unmatched Now?", "sublabel": "Check after BDC splits", "description": "Re-evaluates if all transactions associated with the payout are matched after attempting multi-room splits."}, "type": "custom", "width": 256, "height": 62, "dragging": false, "position": {"x": 580, "y": 660}, "selected": false, "positionAbsolute": {"x": 580, "y": 660}}, {"id": "output-error", "data": {"type": "workflow-output", "label": "Matching Failed", "sublabel": "Some/all transactions unmatched", "description": "Outputs failure status, indicating one or more transactions could not be matched to a booking."}, "type": "custom", "width": 256, "height": 62, "dragging": false, "position": {"x": 900, "y": 740}, "selected": false, "positionAbsolute": {"x": 900, "y": 740}}, {"id": "output-success", "data": {"type": "workflow-output", "label": "Matching Succeeded", "sublabel": "All transactions matched", "description": "Outputs success status, indicating all transactions were matched and the database updated."}, "type": "custom", "width": 256, "height": 62, "dragging": false, "position": {"x": 300, "y": 740}, "selected": false, "positionAbsolute": {"x": 300, "y": 740}}]', '[{"id": "e-input-prepare", "type": "custom", "style": {"stroke": "#9ca3af", "strokeWidth": 2}, "source": "input-match", "target": "prepare-ids", "selected": false, "markerEnd": {"type": "arrow", "color": "#9ca3af", "width": 15, "height": 15}}, {"id": "e-prepare-fetch", "type": "custom", "style": {"stroke": "#9ca3af", "strokeWidth": 2}, "source": "prepare-ids", "target": "fetch-matches", "selected": false, "markerEnd": {"type": "arrow", "color": "#9ca3af", "width": 15, "height": 15}}, {"id": "e-fetch-merge", "type": "custom", "style": {"stroke": "#9ca3af", "strokeWidth": 2}, "source": "fetch-matches", "target": "merge-update", "selected": false, "markerEnd": {"type": "arrow", "color": "#9ca3af", "width": 15, "height": 15}}, {"id": "e-check1-success", "type": "custom", "label": "All Matched", "style": {"stroke": "#22c55e", "strokeWidth": 2}, "source": "check-unmatched-1", "target": "output-success", "selected": false, "markerEnd": {"type": "arrow", "color": "#22c55e", "width": 15, "height": 15}}, {"id": "e-check1-checkbdc", "type": "custom", "label": "Unmatched Exist", "style": {"stroke": "#f97316", "strokeWidth": 2}, "source": "check-unmatched-1", "target": "check-bdc", "selected": false, "markerEnd": {"type": "arrow", "color": "#f97316", "width": 15, "height": 15}}, {"id": "e-checkbdc-error", "type": "custom", "label": "Not BDC", "style": {"stroke": "#ef4444", "strokeWidth": 2}, "source": "check-bdc", "target": "output-error", "selected": false, "markerEnd": {"type": "arrow", "color": "#ef4444", "width": 15, "height": 15}}, {"id": "e-checkbdc-attempt", "type": "custom", "label": "Is BDC", "style": {"stroke": "#9ca3af", "strokeWidth": 2}, "source": "check-bdc", "target": "attempt-multi-room", "selected": false, "markerEnd": {"type": "arrow", "color": "#9ca3af", "width": 15, "height": 15}}, {"id": "e-attempt-updatedb", "type": "custom", "style": {"stroke": "#9ca3af", "strokeWidth": 2}, "source": "attempt-multi-room", "target": "update-db-multi-room", "selected": false, "markerEnd": {"type": "arrow", "color": "#9ca3af", "width": 15, "height": 15}}, {"id": "e-updatedb-check2", "type": "custom", "style": {"stroke": "#9ca3af", "strokeWidth": 2}, "source": "update-db-multi-room", "target": "check-unmatched-2", "selected": false, "markerEnd": {"type": "arrow", "color": "#9ca3af", "width": 15, "height": 15}}, {"id": "e-check2-success", "type": "custom", "label": "All Matched", "style": {"stroke": "#22c55e", "strokeWidth": 2}, "source": "check-unmatched-2", "target": "output-success", "selected": false, "markerEnd": {"type": "arrow", "color": "#22c55e", "width": 15, "height": 15}}, {"id": "e-check2-error", "type": "custom", "label": "Still Unmatched", "style": {"stroke": "#ef4444", "strokeWidth": 2}, "source": "check-unmatched-2", "target": "output-error", "selected": false, "markerEnd": {"type": "arrow", "color": "#ef4444", "width": 15, "height": 15}}, {"id": "reactflow__edge-merge-update-data-store_12", "type": "custom", "style": {"stroke": "#9ca3af", "strokeWidth": 2}, "source": "merge-update", "target": "data-store_12", "selected": false, "markerEnd": {"type": "arrow", "color": "#9ca3af"}, "targetHandle": null}, {"id": "reactflow__edge-data-store_12-check-unmatched-1", "type": "custom", "style": {"stroke": "#9ca3af", "strokeWidth": 2}, "source": "data-store_12", "target": "check-unmatched-1", "selected": false, "markerEnd": {"type": "arrow", "color": "#9ca3af"}, "targetHandle": null}]', '2025-04-13 08:41:27.706187+00', '2025-04-13 08:41:27.706187+00', 'ca0b848a-42e7-4d0f-abea-7ca731bdee9f', NULL, NULL),
	('c7265f1a-e6dc-4a95-a89c-bc3bad6cd87f', 'Order Approval Workflow', 'Auto-process orders and send confirmation, with approval for high-value orders (Refactored: conditional edges from input, JSON structure aligned with React Flow, includes config/schemas)', '[{"id": "document_6", "data": {"type": "document", "label": "Fill Template", "sublabel": "Generate Confirmation Email", "description": "", "input_schema": [{"id": "customerEmail", "name": "Customer Email", "dataType": "string", "optional": false}, {"id": "orderId", "name": "Order ID", "dataType": "string", "optional": false}, {"id": "products", "name": "Products", "dataType": "array", "optional": false}, {"id": "customerName", "name": "Customer Name", "dataType": "string", "optional": false}], "output_schema": [{"id": "emailBody", "name": "Email Body", "dataType": "string", "optional": false}]}, "type": "custom", "width": 256, "height": 62, "dragging": false, "position": {"x": 560, "y": 500}, "selected": false, "positionAbsolute": {"x": 560, "y": 500}}, {"id": "integration_5", "data": {"type": "integration", "label": "Email Customer", "config": {"icon_url": "https://cdn.simpleicons.org/gmail", "connection_id": "conn-1", "integration_id": "1051ee5f-2792-4a57-927d-2f1763e3b26b"}, "sublabel": "Send Confirmation Email", "description": "", "input_schema": [{"id": "fld-to", "name": "to", "dataType": "string", "description": "Recipient email address."}, {"id": "fld-subject", "name": "subject", "dataType": "string", "description": "Email subject."}, {"id": "fld-body", "name": "body", "dataType": "string", "description": "Email body (HTML/text)."}], "output_schema": []}, "type": "custom", "width": 256, "height": 62, "dragging": false, "position": {"x": 560, "y": 600}, "selected": false, "positionAbsolute": {"x": 560, "y": 600}}, {"id": "data-store_5", "data": {"type": "data-store", "label": "Update Order Status", "config": {"table": "orders", "action": "update", "mappings": {"status": "In Progress"}, "filterValue": "{{orderId}}", "filterColumn": "id"}, "sublabel": "Update orders", "description": "", "input_schema": [{"id": "orderId", "name": "Order ID", "dataType": "string", "optional": false}], "output_schema": []}, "type": "custom", "width": 256, "height": 62, "dragging": false, "position": {"x": 560, "y": 400}, "selected": false, "positionAbsolute": {"x": 560, "y": 400}}, {"id": "node-input", "data": {"type": "workflow-input", "label": "Workflow Input", "config": {}, "branches": [{"id": "br-high-value", "name": "High Value", "color": "#f59e0b", "condition": "${orderAmount} > 1000"}, {"id": "br-normal-value", "name": "Normal Value", "color": "#64748b", "condition": "otherwise"}], "sublabel": "Inputs: Order ID, Order Amount, Customer Email", "description": "", "input_schema": [], "output_schema": [{"id": "orderId", "name": "Order ID", "dataType": "uuid"}, {"id": "orderAmount", "name": "Order Amount", "dataType": "number", "optional": false}, {"id": "customerEmail", "name": "Customer Email", "dataType": "string"}]}, "type": "custom", "width": 256, "height": 111, "dragging": false, "position": {"x": 500, "y": 60}, "selected": false, "positionAbsolute": {"x": 500, "y": 60}}, {"id": "node-manual", "data": {"type": "manual-task", "label": "Approve Order", "config": {"priority": "HIGH", "assignment": {"rule": null, "type": "ROLE", "assignees": ["manager"]}, "dueDuration": "P1D", "instructions": "Review the order and approve if all details are correct.", "uiComponentId": "order-approval-form-v1", "allowedActions": ["Declined", "Approved"], "allowDelegation": false, "allowReassignment": true, "escalationPolicyId": "default-escalation"}, "branches": [{"id": "br-SfwkFP3T", "name": "Declined", "color": "#ef4444", "condition": ""}, {"id": "br-STS8o3iF", "name": "Approved", "color": "#22c55e", "condition": ""}], "sublabel": "Assigned to Manager", "description": "", "input_schema": [{"id": "orderId", "name": "Order ID", "source": "fld-orderId", "dataType": "string"}, {"id": "orderAmount", "name": "Order Amount", "source": "fld-orderAmount", "dataType": "number"}], "output_schema": []}, "type": "custom", "width": 256, "height": 95, "dragging": false, "position": {"x": 360, "y": 240}, "selected": false, "positionAbsolute": {"x": 360, "y": 240}}, {"id": "node-output", "data": {"type": "workflow-output", "label": "Workflow Output", "config": {}, "sublabel": "Output: Approved (True/False)", "description": "", "input_schema": [{"id": "approved", "name": "Approved", "source": "fld-approved", "dataType": "boolean"}], "output_schema": []}, "type": "custom", "width": 256, "height": 62, "dragging": false, "position": {"x": 400, "y": 740}, "selected": false, "positionAbsolute": {"x": 400, "y": 740}}]', '[{"id": "edge-JttynZtu", "data": {"branchId": "br-SfwkFP3T"}, "type": "custom", "style": {"stroke": "#9ca3af", "strokeWidth": 2}, "source": "node-manual", "target": "node-output", "selected": false, "markerEnd": {"type": "arrow", "color": "#9ca3af"}, "sourceHandle": "node-manual-br-SfwkFP3T", "targetHandle": null}, {"id": "edge-xWPxtprz", "data": {"branchId": "br-normal-value"}, "type": "custom", "style": {"stroke": "#9ca3af", "strokeWidth": 2}, "source": "node-input", "target": "data-store_5", "selected": false, "markerEnd": {"type": "arrow", "color": "#9ca3af"}, "sourceHandle": "node-input-br-normal-value", "targetHandle": null}, {"id": "edge-8eUjcyKS", "data": {"branchId": "br-STS8o3iF"}, "type": "custom", "style": {"stroke": "#9ca3af", "strokeWidth": 2}, "source": "node-manual", "target": "data-store_5", "selected": false, "markerEnd": {"type": "arrow", "color": "#9ca3af"}, "sourceHandle": "node-manual-br-STS8o3iF", "targetHandle": null}, {"id": "edge-bWukdVFZ", "data": {}, "type": "custom", "style": {"stroke": "#9ca3af", "strokeWidth": 2}, "source": "data-store_5", "target": "integration_5", "selected": false, "markerEnd": {"type": "arrow", "color": "#9ca3af"}, "targetHandle": null}, {"id": "edge-Cm09vRJs", "data": {}, "type": "custom", "style": {"stroke": "#9ca3af", "strokeWidth": 2}, "source": "integration_5", "target": "node-output", "selected": false, "markerEnd": {"type": "arrow", "color": "#9ca3af"}, "targetHandle": null}, {"id": "edge-EZJwfJCo", "data": {"branchId": "br-high-value"}, "type": "custom", "style": {"stroke": "#9ca3af", "strokeWidth": 2}, "source": "node-input", "target": "node-manual", "selected": false, "markerEnd": {"type": "arrowclosed"}, "sourceHandle": "node-input-br-high-value", "targetHandle": null}]', '2025-04-13 14:04:06.803536+00', '2025-04-13 14:04:06.803536+00', '19e604aa-1aa3-41bc-bc55-c4ea280bd3b7', '[{"id": "orderId", "name": "Order ID", "dataType": "uuid"}, {"id": "orderAmount", "name": "Order Amount", "dataType": "number", "optional": false}, {"id": "customerEmail", "name": "Customer Email", "dataType": "string"}]', '[{"id": "approved", "name": "Approved", "dataType": "boolean"}]'),
	('3f3d4e9a-5279-4ea9-87f3-2562639f09c1', 'Standardized Demo Workflow', 'Workflow with standardized node types', '[{"id": "document_8", "data": {"type": "document", "label": "Documents", "sublabel": "Create or edit business docs"}, "type": "custom", "width": 256, "height": 62, "dragging": false, "position": {"x": 480, "y": 120}, "selected": false, "positionAbsolute": {"x": 480, "y": 120}}, {"id": "integration_7", "data": {"type": "integration", "label": "Integration", "sublabel": "Interact with external systems"}, "type": "custom", "width": 256, "height": 62, "dragging": false, "position": {"x": 640, "y": -160}, "selected": false, "positionAbsolute": {"x": 640, "y": -160}}, {"id": "data-store_6", "data": {"type": "data-store", "label": "Data Store", "sublabel": "Load or save business data"}, "type": "custom", "width": 256, "height": 62, "dragging": false, "position": {"x": 640, "y": -260}, "selected": false, "positionAbsolute": {"x": 640, "y": -260}}, {"id": "input-1", "data": {"type": "workflow-input", "label": "Workflow Input", "sublabel": "Input"}, "type": "custom", "width": 256, "height": 62, "dragging": false, "position": {"x": 480, "y": -380}, "selected": false, "positionAbsolute": {"x": 480, "y": -380}}, {"id": "1", "data": {"type": "data-store", "label": "New Row 2", "hasMenu": true, "provider": "google-sheets", "sublabel": "Google Sheets", "description": ""}, "type": "custom", "width": 256, "height": 62, "dragging": false, "position": {"x": 320, "y": -260}, "selected": false, "positionAbsolute": {"x": 320, "y": -260}}, {"id": "2", "data": {"type": "ai-task", "label": "Ask ChatGPT", "hasMenu": true, "provider": "openai", "sublabel": "OpenAI"}, "type": "custom", "width": 256, "height": 62, "dragging": false, "position": {"x": 320, "y": -160}, "selected": false, "positionAbsolute": {"x": 320, "y": -160}}, {"id": "3", "data": {"type": "code-task", "label": "Code", "hasMenu": true, "language": "javascript", "sublabel": "Code"}, "type": "custom", "width": 256, "height": 62, "dragging": false, "position": {"x": 480, "y": 0}, "selected": false, "positionAbsolute": {"x": 480, "y": 0}}, {"id": "output-1", "data": {"type": "workflow-output", "label": "End", "sublabel": "Output"}, "type": "custom", "width": 256, "height": 62, "dragging": false, "position": {"x": 480, "y": 240}, "selected": false, "positionAbsolute": {"x": 480, "y": 240}}]', '[{"id": "e-input-1", "type": "custom", "style": {"stroke": "#9ca3af", "strokeWidth": 2}, "source": "input-1", "target": "1", "selected": false, "markerEnd": {"type": "arrow", "color": "#9ca3af", "width": 15, "height": 15}}, {"id": "e1-2", "type": "custom", "style": {"stroke": "#9ca3af", "strokeWidth": 2}, "source": "1", "target": "2", "selected": false, "markerEnd": {"type": "arrow", "color": "#9ca3af", "width": 15, "height": 15}}, {"id": "e2-3", "type": "custom", "style": {"stroke": "#9ca3af", "strokeWidth": 2}, "source": "2", "target": "3", "selected": false, "markerEnd": {"type": "arrow", "color": "#9ca3af", "width": 15, "height": 15}}, {"id": "reactflow__edge-input-1-data-store_6", "type": "custom", "style": {"stroke": "#9ca3af", "strokeWidth": 2}, "source": "input-1", "target": "data-store_6", "selected": false, "markerEnd": {"type": "arrow", "color": "#9ca3af"}, "sourceHandle": null, "targetHandle": null}, {"id": "reactflow__edge-data-store_6-integration_7", "type": "custom", "style": {"stroke": "#9ca3af", "strokeWidth": 2}, "source": "data-store_6", "target": "integration_7", "selected": false, "markerEnd": {"type": "arrow", "color": "#9ca3af"}, "sourceHandle": null, "targetHandle": null}, {"id": "reactflow__edge-integration_7-3", "type": "custom", "style": {"stroke": "#9ca3af", "strokeWidth": 2}, "source": "integration_7", "target": "3", "selected": false, "markerEnd": {"type": "arrow", "color": "#9ca3af"}, "sourceHandle": null, "targetHandle": null}, {"id": "reactflow__edge-3-document_8", "type": "custom", "style": {"stroke": "#9ca3af", "strokeWidth": 2}, "source": "3", "target": "document_8", "selected": false, "markerEnd": {"type": "arrow", "color": "#9ca3af"}, "sourceHandle": null, "targetHandle": null}, {"id": "reactflow__edge-document_8-output-1", "type": "custom", "style": {"stroke": "#9ca3af", "strokeWidth": 2}, "source": "document_8", "target": "output-1", "selected": false, "markerEnd": {"type": "arrow", "color": "#9ca3af"}, "sourceHandle": null, "targetHandle": null}]', '2025-04-12 16:32:31.448164+00', '2025-04-12 16:32:31.448164+00', '19e604aa-1aa3-41bc-bc55-c4ea280bd3b7', '{"parameters": [{"name": "customerId", "type": "string", "required": true}, {"name": "orderAmount", "type": "number", "required": false}]}', '{"parameters": [{"name": "customerId", "type": "string", "required": true}, {"name": "orderAmount", "type": "number", "required": false}]}'),
	('78438ae6-ba10-410a-89e3-a37565f8aff2', 'Process Payout to Xero', 'Workflow to process payout statements, match bookings, validate data, apportion revenue, prepare Xero transactions, and push to Xero.', '[{"id": "decision_9", "data": {"type": "decision", "label": "Decision", "sublabel": "Use rule to select next task"}, "type": "custom", "width": 256, "height": 62, "dragging": false, "position": {"x": 940, "y": -580}, "selected": false, "positionAbsolute": {"x": 940, "y": -580}}, {"id": "workflow_8", "data": {"type": "workflow", "label": "Workflow: Match Bookings", "sublabel": "Match transactions to bookings", "description": ""}, "type": "custom", "width": 256, "height": 62, "dragging": false, "position": {"x": 1080, "y": -460}, "selected": false, "positionAbsolute": {"x": 1080, "y": -460}}, {"id": "input-start", "data": {"type": "workflow-input", "label": "Workflow Input", "sublabel": "4 Required Inputs, 1 Optional Input", "description": "Required Inputs: Payout ID, Tenant ID, Statement ID, Payout Type\nOptional Inputs: Paymout Amount"}, "type": "custom", "width": 256, "height": 62, "dragging": false, "position": {"x": 940, "y": -700}, "selected": false, "positionAbsolute": {"x": 940, "y": -700}}, {"id": "MATCH", "data": {"type": "data-store", "label": "Match Bookings", "provider": "postgresql", "sublabel": "Matching transactions to bookings", "description": "Fetches booking data from Supabase (bookings_view) and updates transaction records with booking_id based on reference/inquiry_id. Handles potential multi-room splits for BDC."}, "type": "custom", "width": 256, "height": 62, "dragging": false, "position": {"x": 760, "y": -460}, "selected": false, "positionAbsolute": {"x": 760, "y": -460}}, {"id": "VALIDATE", "data": {"type": "code-task", "label": "Validate Settings", "language": "python", "sublabel": "Validating rental and host settings", "description": "Fetches full transaction data (transactions_full) and validates required fields (rental_id, xero_tracking_id, xero_accountno, host_name) and checks if payout total matches transaction sum."}, "type": "custom", "width": 256, "height": 62, "dragging": false, "position": {"x": 920, "y": -340}, "selected": false, "positionAbsolute": {"x": 920, "y": -340}}, {"id": "APPORTION", "data": {"type": "code-task", "label": "Apportion Transactions", "language": "python", "sublabel": "Apportioning transactions over multiple months", "description": "Splits reservation transactions spanning multiple months into separate records for each month, recalculating amounts proportionally based on nights."}, "type": "custom", "width": 256, "height": 78, "dragging": false, "position": {"x": 920, "y": -220}, "selected": false, "positionAbsolute": {"x": 920, "y": -220}}, {"id": "PREPARE", "data": {"type": "code-task", "label": "Prepare for Xero", "language": "python", "sublabel": "Preparing transactions for Xero", "description": "Transforms apportioned transaction data into the JSON format required by Xero API (Invoices/Bills/Transfers) and saves it to the xero_transactions table in Supabase."}, "type": "custom", "width": 256, "height": 62, "dragging": false, "position": {"x": 920, "y": -80}, "selected": false, "positionAbsolute": {"x": 920, "y": -80}}, {"id": "PUSH", "data": {"type": "integration", "label": "Push to Xero", "sublabel": "Xero", "description": "Fetches prepared transaction data from xero_transactions table and pushes it to the Xero API using the XeroService."}, "type": "custom", "width": 256, "height": 62, "dragging": false, "position": {"x": 920, "y": 40}, "selected": false, "positionAbsolute": {"x": 920, "y": 40}}, {"id": "output-end", "data": {"type": "workflow-output", "label": "Complete", "sublabel": "Payout Process Finished"}, "type": "custom", "width": 256, "height": 62, "dragging": false, "position": {"x": 920, "y": 160}, "selected": false, "positionAbsolute": {"x": 920, "y": 160}}]', '[{"id": "e-MATCH-VALIDATE", "type": "custom", "style": {"stroke": "#9ca3af", "strokeWidth": 2}, "source": "MATCH", "target": "VALIDATE", "selected": false, "markerEnd": {"type": "arrow", "color": "#9ca3af", "width": 15, "height": 15}}, {"id": "e-VALIDATE-APPORTION", "type": "custom", "style": {"stroke": "#9ca3af", "strokeWidth": 2}, "source": "VALIDATE", "target": "APPORTION", "selected": false, "markerEnd": {"type": "arrow", "color": "#9ca3af", "width": 15, "height": 15}}, {"id": "e-APPORTION-PREPARE", "type": "custom", "style": {"stroke": "#9ca3af", "strokeWidth": 2}, "source": "APPORTION", "target": "PREPARE", "selected": false, "markerEnd": {"type": "arrow", "color": "#9ca3af", "width": 15, "height": 15}}, {"id": "e-PREPARE-PUSH", "type": "custom", "style": {"stroke": "#9ca3af", "strokeWidth": 2}, "source": "PREPARE", "target": "PUSH", "selected": false, "markerEnd": {"type": "arrow", "color": "#9ca3af", "width": 15, "height": 15}}, {"id": "e-PUSH-output", "type": "custom", "style": {"stroke": "#9ca3af", "strokeWidth": 2}, "source": "PUSH", "target": "output-end", "selected": false, "markerEnd": {"type": "arrow", "color": "#9ca3af", "width": 15, "height": 15}}, {"id": "reactflow__edge-input-start-decision_9", "type": "custom", "style": {"stroke": "#9ca3af", "strokeWidth": 2}, "source": "input-start", "target": "decision_9", "selected": false, "markerEnd": {"type": "arrow", "color": "#9ca3af"}, "targetHandle": null}, {"id": "reactflow__edge-decision_9-MATCH", "type": "custom", "style": {"stroke": "#9ca3af", "strokeWidth": 2}, "source": "decision_9", "target": "MATCH", "selected": false, "markerEnd": {"type": "arrow", "color": "#9ca3af"}, "targetHandle": null}, {"id": "reactflow__edge-decision_9-workflow_8", "type": "custom", "style": {"stroke": "#9ca3af", "strokeWidth": 2}, "source": "decision_9", "target": "workflow_8", "selected": false, "markerEnd": {"type": "arrow", "color": "#9ca3af"}, "targetHandle": null}, {"id": "reactflow__edge-workflow_8-VALIDATE", "type": "custom", "style": {"stroke": "#9ca3af", "strokeWidth": 2}, "source": "workflow_8", "target": "VALIDATE", "selected": false, "markerEnd": {"type": "arrow", "color": "#9ca3af"}, "targetHandle": null}]', '2025-04-13 08:04:16.520583+00', '2025-04-13 08:04:16.520583+00', '19e604aa-1aa3-41bc-bc55-c4ea280bd3b7', NULL, NULL),
	('12b80eb8-a73d-4eb4-bdbc-10b21df228a2', 'Order Processing Workflow 2', 'Auto-process orders and send confirmation, with approval for high-value orders (Refactored: conditional edges from input, JSON structure aligned with React Flow, includes config/schemas)', '[{"id": "node-input", "data": {"type": "workflow-input", "label": "Workflow Input", "config": {"branches": [{"id": "br-high-value", "name": "High Value", "color": "#f97316", "condition": "${orderAmount} > 1000"}, {"id": "br-normal-value", "name": "Normal Value", "color": "#64748b", "condition": "otherwise"}]}, "sublabel": "Inputs: Order ID, Order Amount, Customer Email", "description": "", "input_schema": [], "output_schema": [{"id": "orderId", "name": "Order ID", "dataType": "uuid"}, {"id": "orderAmount", "name": "Order Amount", "dataType": "number", "optional": false}, {"id": "customerEmail", "name": "Customer Email", "dataType": "string"}]}, "type": "custom", "width": 256, "height": 111, "dragging": false, "position": {"x": 500, "y": 60}, "selected": false, "positionAbsolute": {"x": 500, "y": 60}}, {"id": "node-manual", "data": {"type": "manual-task", "label": "Approve Order", "config": {"branches": [{"id": "br-SfwkFP3T", "name": "Declined", "color": "#ef4444", "condition": "High Risk"}, {"id": "br-STS8o3iF", "name": "Approved", "color": "#22c55e", "condition": "Acceptable Risk"}], "assignment": {"type": "role", "assignees": ["manager"]}, "instructions": "Review the order and approve if all details are correct."}, "sublabel": "Manual", "description": "", "input_schema": [{"id": "fld-in-order", "name": "orderId", "source": "fld-orderId", "dataType": "string"}, {"id": "fld-in-amount-2", "name": "orderAmount", "source": "fld-orderAmount", "dataType": "number"}], "output_schema": [{"id": "fld-approved", "name": "approved", "dataType": "boolean"}]}, "type": "custom", "width": 256, "height": 95, "dragging": false, "position": {"x": 360, "y": 240}, "selected": false, "positionAbsolute": {"x": 360, "y": 240}}, {"id": "node-ai", "data": {"type": "ai-task", "label": "Draft Email", "config": {"model": "gpt-4", "provider": "openai", "maxTokens": 500, "temperature": 0.5, "promptTemplate": "Compose a confirmation email for Order {{orderId}}, which is {{approved ? ''approved'' : ''auto-approved''}}."}, "sublabel": "OpenAI", "input_schema": [{"id": "fld-in-custEmail", "name": "customerEmail", "source": "fld-customerEmail", "dataType": "string"}, {"id": "fld-in-orderId", "name": "orderId", "source": "fld-orderId", "dataType": "string"}, {"id": "fld-in-approvedFlag", "name": "approved", "source": "fld-approved", "dataType": "boolean", "optional": true}], "output_schema": [{"id": "fld-emailText", "name": "emailText", "dataType": "string"}]}, "type": "custom", "width": 256, "height": 62, "dragging": false, "position": {"x": 560, "y": 380}, "selected": false, "positionAbsolute": {"x": 560, "y": 380}}, {"id": "node-integration", "data": {"type": "data-store", "label": "Log to Sheet", "config": {"tableName": "OrdersLog", "connection_id": "conn-gsheets-001", "integration_id": "int-google-sheets-addrow"}, "sublabel": "Google Sheets", "input_schema": [{"id": "fld-in-rowData", "name": "rowData", "dataType": "object"}], "output_schema": [{"id": "fld-logResult", "name": "insertedRowId", "dataType": "string"}]}, "type": "custom", "width": 256, "height": 62, "dragging": false, "position": {"x": 560, "y": 580}, "selected": false, "positionAbsolute": {"x": 560, "y": 580}}, {"id": "node-output", "data": {"type": "workflow-output", "label": "Workflow Output", "config": {}, "sublabel": "Outputs: Email Text, Approved", "description": "", "input_schema": [{"id": "emailText", "name": "Email Text", "source": "fld-emailText", "dataType": "string", "optional": false}, {"id": "approved", "name": "Approved", "source": "fld-approved", "dataType": "boolean"}], "output_schema": []}, "type": "custom", "width": 256, "height": 62, "dragging": false, "position": {"x": 420, "y": 740}, "selected": false, "positionAbsolute": {"x": 420, "y": 740}}]', '[{"id": "edge-input-manual", "data": {"branchId": "br-high-value"}, "type": "custom", "label": "Needs Approval (Amount > 1000)", "style": {"stroke": "#f97316", "strokeWidth": 2}, "source": "node-input", "target": "node-manual", "selected": false, "markerEnd": {"type": "arrow", "color": "#f97316", "width": 15, "height": 15}, "sourceHandle": "node-input-br-high-value"}, {"id": "edge-input-ai", "data": {"branchId": "br-normal-value"}, "type": "custom", "label": "Auto-Approve (Amount <= 1000)", "style": {"stroke": "#22c55e", "strokeWidth": 2}, "source": "node-input", "target": "node-ai", "selected": false, "markerEnd": {"type": "arrow", "color": "#22c55e", "width": 15, "height": 15}, "sourceHandle": "node-input-br-normal-value"}, {"id": "edge-after-ai", "type": "custom", "style": {"stroke": "#9ca3af", "strokeWidth": 2}, "source": "node-ai", "target": "node-integration", "selected": false, "markerEnd": {"type": "arrow", "color": "#9ca3af", "width": 15, "height": 15}}, {"id": "edge-after-log", "type": "custom", "style": {"stroke": "#9ca3af", "strokeWidth": 2}, "source": "node-integration", "target": "node-output", "selected": false, "markerEnd": {"type": "arrow", "color": "#9ca3af", "width": 15, "height": 15}}, {"id": "reactflow__edge-node-manualnode-manual-br-STS8o3iF-node-ai", "type": "custom", "style": {"stroke": "#9ca3af", "strokeWidth": 2}, "source": "node-manual", "target": "node-ai", "selected": false, "markerEnd": {"type": "arrow", "color": "#9ca3af"}, "sourceHandle": "node-manual-br-STS8o3iF", "targetHandle": null}, {"id": "reactflow__edge-node-manualnode-manual-br-SfwkFP3T-node-output", "type": "custom", "style": {"stroke": "#9ca3af", "strokeWidth": 2}, "source": "node-manual", "target": "node-output", "selected": false, "markerEnd": {"type": "arrow", "color": "#9ca3af"}, "sourceHandle": "node-manual-br-SfwkFP3T", "targetHandle": null}]', '2025-04-13 18:01:37.949211+00', '2025-04-13 18:01:37.949211+00', '19e604aa-1aa3-41bc-bc55-c4ea280bd3b7', '[{"id": "orderId", "name": "Order ID", "dataType": "uuid"}, {"id": "orderAmount", "name": "Order Amount", "dataType": "number", "optional": false}, {"id": "customerEmail", "name": "Customer Email", "dataType": "string"}]', '[{"id": "emailText", "name": "Email Text", "dataType": "string", "optional": false}, {"id": "approved", "name": "Approved", "dataType": "boolean"}]'),
	('870b3f9f-358c-4c92-89ac-c9f1c37ee3c2', 'Order Processing Workflow (Backup)', 'Auto-process orders and send confirmation, with approval for high-value orders (Refactored: conditional edges from input, JSON structure aligned with React Flow, includes config/schemas)', '[{"id": "integration_5", "data": {"type": "integration", "label": "Email Customer", "config": {"icon_url": "https://cdn.simpleicons.org/googlesheets", "tableName": "", "connection_id": "conn-1", "integration_id": "8e9d46f1-6978-49d7-9fb3-35fa8995ebef"}, "sublabel": "Integration Configured", "description": "", "input_schema": [], "output_schema": []}, "type": "custom", "width": 256, "height": 64, "dragging": false, "position": {"x": 560, "y": 520}, "selected": true, "positionAbsolute": {"x": 560, "y": 520}}, {"id": "data-store_5", "data": {"type": "data-store", "label": "Update Order Status", "config": {"table": "orders", "action": "update", "mappings": {"status": "In Progress"}, "filterValue": "{{orderId}}", "filterColumn": "id"}, "sublabel": "Update orders", "description": "", "input_schema": [{"id": "orderId", "name": "Order ID", "dataType": "string", "optional": false}], "output_schema": []}, "type": "custom", "width": 256, "height": 62, "dragging": false, "position": {"x": 560, "y": 400}, "selected": false, "positionAbsolute": {"x": 560, "y": 400}}, {"id": "node-input", "data": {"type": "workflow-input", "label": "Workflow Input", "config": {}, "branches": [{"id": "br-high-value", "name": "High Value", "color": "#f59e0b", "condition": "${orderAmount} > 1000"}, {"id": "br-normal-value", "name": "Normal Value", "color": "#64748b", "condition": "otherwise"}], "sublabel": "Inputs: Order ID, Order Amount, Customer Email", "description": "", "input_schema": [], "output_schema": [{"id": "orderId", "name": "Order ID", "dataType": "uuid"}, {"id": "orderAmount", "name": "Order Amount", "dataType": "number", "optional": false}, {"id": "customerEmail", "name": "Customer Email", "dataType": "string"}]}, "type": "custom", "width": 256, "height": 111, "dragging": false, "position": {"x": 500, "y": 60}, "selected": false, "positionAbsolute": {"x": 500, "y": 60}}, {"id": "node-manual", "data": {"type": "manual-task", "label": "Approve Order", "config": {"assignment": {"type": "role", "assignees": ["manager"]}, "instructions": "Review the order and approve if all details are correct."}, "branches": [{"id": "br-SfwkFP3T", "name": "Declined", "color": "#ef4444", "condition": "High Risk"}, {"id": "br-STS8o3iF", "name": "Approved", "color": "#22c55e", "condition": "Acceptable Risk"}], "sublabel": "Manual Risk Assessment Required", "description": "", "input_schema": [{"id": "orderId", "name": "Order ID", "source": "fld-orderId", "dataType": "string"}, {"id": "orderAmount", "name": "Order Amount", "source": "fld-orderAmount", "dataType": "number"}], "output_schema": [{"id": "fld-approved", "name": "approved", "dataType": "boolean"}]}, "type": "custom", "width": 256, "height": 95, "dragging": false, "position": {"x": 360, "y": 240}, "selected": false, "positionAbsolute": {"x": 360, "y": 240}}, {"id": "node-output", "data": {"type": "workflow-output", "label": "Workflow Output", "config": {}, "sublabel": "Output: Approved (True/False)", "description": "", "input_schema": [{"id": "approved", "name": "Approved", "source": "fld-approved", "dataType": "boolean"}], "output_schema": []}, "type": "custom", "width": 256, "height": 62, "dragging": false, "position": {"x": 420, "y": 640}, "selected": false, "positionAbsolute": {"x": 420, "y": 640}}]', '[{"id": "edge-JttynZtu", "data": {"branchId": "br-SfwkFP3T"}, "type": "custom", "style": {"stroke": "#9ca3af", "strokeWidth": 2}, "source": "node-manual", "target": "node-output", "selected": false, "markerEnd": {"type": "arrow", "color": "#9ca3af"}, "sourceHandle": "node-manual-br-SfwkFP3T", "targetHandle": null}, {"id": "edge-xWPxtprz", "data": {"branchId": "br-normal-value"}, "type": "custom", "style": {"stroke": "#9ca3af", "strokeWidth": 2}, "source": "node-input", "target": "data-store_5", "selected": false, "markerEnd": {"type": "arrow", "color": "#9ca3af"}, "sourceHandle": "node-input-br-normal-value", "targetHandle": null}, {"id": "edge-8eUjcyKS", "data": {"branchId": "br-STS8o3iF"}, "type": "custom", "style": {"stroke": "#9ca3af", "strokeWidth": 2}, "source": "node-manual", "target": "data-store_5", "selected": false, "markerEnd": {"type": "arrow", "color": "#9ca3af"}, "sourceHandle": "node-manual-br-STS8o3iF", "targetHandle": null}, {"id": "edge-bWukdVFZ", "data": {}, "type": "custom", "style": {"stroke": "#9ca3af", "strokeWidth": 2}, "source": "data-store_5", "target": "integration_5", "selected": false, "markerEnd": {"type": "arrow", "color": "#9ca3af"}, "targetHandle": null}, {"id": "edge-Cm09vRJs", "data": {}, "type": "custom", "style": {"stroke": "#9ca3af", "strokeWidth": 2}, "source": "integration_5", "target": "node-output", "selected": false, "markerEnd": {"type": "arrow", "color": "#9ca3af"}, "targetHandle": null}, {"id": "edge-EZJwfJCo", "data": {"branchId": "br-high-value"}, "type": "custom", "style": {"stroke": "#9ca3af", "strokeWidth": 2}, "source": "node-input", "target": "node-manual", "selected": false, "markerEnd": {"type": "arrowclosed"}, "sourceHandle": "node-input-br-high-value", "targetHandle": null}]', '2025-04-15 10:38:22.285799+00', '2025-04-15 10:38:22.285799+00', '19e604aa-1aa3-41bc-bc55-c4ea280bd3b7', '[{"id": "orderId", "name": "Order ID", "dataType": "uuid"}, {"id": "orderAmount", "name": "Order Amount", "dataType": "number", "optional": false}, {"id": "customerEmail", "name": "Customer Email", "dataType": "string"}]', '[{"id": "approved", "name": "Approved", "dataType": "boolean"}]'),
	('c44af1c1-7a30-46a6-9442-a338c6ba4e29', 'Order Processing Rebuild', NULL, '[{"id": "data-store_2", "data": {"type": "data-store", "label": "Get Order", "sublabel": "Load Order from Data Store", "description": "", "input_schema": [{"id": "orderId", "name": "Order ID", "dataType": "string", "optional": false}], "output_schema": []}, "type": "custom", "width": 256, "height": 62, "dragging": false, "position": {"x": 240, "y": -220}, "selected": false, "positionAbsolute": {"x": 240, "y": -220}}, {"id": "input-1", "data": {"type": "workflow-input", "label": "Workflow Input", "sublabel": "Input: Order ID", "description": "Starting point for the workflow data.", "input_schema": [{"id": "orderid", "name": "orderID", "dataType": "string", "optional": false}], "output_schema": []}, "type": "custom", "width": 256, "height": 62, "dragging": false, "position": {"x": 240, "y": -320}, "selected": false, "positionAbsolute": {"x": 240, "y": -320}}]', '[{"id": "edge-onca_v8N", "data": {}, "type": "custom", "style": {"stroke": "#9ca3af", "strokeWidth": 2}, "source": "input-1", "target": "data-store_2", "selected": false, "markerEnd": {"type": "arrowclosed"}, "targetHandle": null}]', '2025-04-16 11:58:45.164633+00', '2025-04-16 11:58:45.164633+00', '19e604aa-1aa3-41bc-bc55-c4ea280bd3b7', '[]', NULL),
	('a872f2be-31ca-4495-9c24-2562e550d50e', 'Coding Agent', NULL, '[{"id": "integration_11", "data": {"type": "integration", "label": "Create Pull Request", "sublabel": "Create PR task_<id>", "description": "", "input_schema": [], "output_schema": []}, "type": "custom", "width": 256, "height": 62, "dragging": false, "position": {"x": 80, "y": 840}, "selected": false, "positionAbsolute": {"x": 80, "y": 840}}, {"id": "integration_10", "data": {"type": "integration", "label": "Create Task Branch", "config": {"icon_url": "https://cdn.simpleicons.org/github", "connection_id": "conn-1", "integration_id": "62e7358d-2876-44fd-b37f-f59064b52062"}, "icon_url": "https://cdn.simpleicons.org/github", "sublabel": "Create branch task_<id>", "description": "", "input_schema": [{"id": "fld-owner", "name": "owner", "dataType": "string", "description": "Repo owner."}, {"id": "fld-repo", "name": "repo", "dataType": "string", "description": "Repo name."}, {"id": "fld-branchName", "name": "branchName", "dataType": "string", "description": "Name for the new branch."}, {"id": "fld-sourceSha", "name": "sourceSha", "dataType": "string", "description": "Commit SHA to branch from."}], "output_schema": []}, "type": "custom", "width": 256, "height": 62, "dragging": false, "position": {"x": 80, "y": 180}, "selected": false, "positionAbsolute": {"x": 80, "y": 180}}, {"id": "manual-task_9", "data": {"type": "manual-task", "label": "Escalate to Engineer", "branches": [{"id": "act-x14VssBu", "name": "Fixed", "color": "#22c55e", "condition": ""}, {"id": "act-J5vIks9f", "name": "Updated Task", "color": "#f97316", "condition": ""}], "sublabel": "Request human review", "description": "", "input_schema": [], "output_schema": []}, "type": "custom", "width": 256, "height": 95, "dragging": false, "position": {"x": -80, "y": 680}, "selected": false, "positionAbsolute": {"x": -80, "y": 680}}, {"id": "workflow-output_10", "data": {"type": "workflow-output", "label": "Workflow Output", "sublabel": "Format output data for workflow"}, "type": "custom", "width": 256, "height": 62, "dragging": false, "position": {"x": 80, "y": 920}, "selected": false, "positionAbsolute": {"x": 80, "y": 920}}, {"id": "integration_7", "data": {"type": "integration", "label": "Commit Code", "config": {"icon_url": "https://cdn.simpleicons.org/github", "connection_id": "conn-1", "integration_id": "2ec49073-e8cf-424e-9011-881bf9014944"}, "icon_url": "https://cdn.simpleicons.org/github", "sublabel": "Commit code to task branch", "description": "", "input_schema": [{"id": "fld-owner", "name": "owner", "dataType": "string", "description": "Repo owner."}, {"id": "fld-repo", "name": "repo", "dataType": "string", "description": "Repo name."}, {"id": "fld-branch", "name": "branch", "dataType": "string", "description": "Branch to commit to."}, {"id": "fld-message", "name": "message", "dataType": "string", "description": "Commit message."}, {"id": "fld-files", "name": "files", "dataType": "array", "description": "Array of file objects to commit, each with path and content properties."}], "output_schema": []}, "type": "custom", "width": 256, "height": 62, "dragging": false, "position": {"x": 80, "y": 460}, "selected": false, "positionAbsolute": {"x": 80, "y": 460}}, {"id": "integration_6", "data": {"type": "integration", "label": "Assess Code Quality", "config": {"model": "gpt-4.1", "icon_url": "https://cdn.simpleicons.org/openai", "temperature": "0.3", "connection_id": "conn-1", "integration_id": "34caaab7-a888-4f7e-8cd2-84c9ea9dfd7b"}, "branches": [{"id": "br-PQiYeemN", "name": "Fail", "color": "#ef4444", "condition": ""}, {"id": "br-tZ8lzD2O", "name": "Pass", "color": "#22c55e", "condition": ""}, {"id": "br-b-2cVSSo", "name": "Retry", "color": "#f97316", "condition": ""}], "icon_url": "https://cdn.simpleicons.org/openai", "sublabel": "Mark against assessment criteria", "description": "", "input_schema": [{"id": "fld-prompt", "name": "prompt", "dataType": "string", "description": "Main user prompt."}, {"id": "fld-systemMsg", "name": "systemMessage", "dataType": "string", "optional": true, "description": "Optional system message."}], "output_schema": []}, "type": "custom", "width": 256, "height": 95, "dragging": false, "position": {"x": 240, "y": 680}, "selected": false, "positionAbsolute": {"x": 240, "y": 680}}, {"id": "code-task_5", "data": {"type": "code-task", "label": "Execute Tests", "branches": [{"id": "br-cQu58ae6", "name": "Fail", "color": "#ef4444", "condition": ""}, {"id": "br-0Ea_-0yl", "name": "Pass", "color": "#22c55e", "condition": ""}, {"id": "br-uv4AMUVD", "name": "Retry", "color": "#f97316", "condition": ""}], "sublabel": "Run acceptance tests", "description": "", "input_schema": [], "output_schema": []}, "type": "custom", "width": 256, "height": 95, "dragging": false, "position": {"x": 80, "y": 540}, "selected": false, "positionAbsolute": {"x": 80, "y": 540}}, {"id": "integration_4", "data": {"type": "integration", "label": "Write Code", "config": {"model": "gpt-4.1", "icon_url": "https://cdn.simpleicons.org/openai", "temperature": "0.3", "connection_id": "conn-1", "integration_id": "34caaab7-a888-4f7e-8cd2-84c9ea9dfd7b"}, "icon_url": "https://cdn.simpleicons.org/openai", "sublabel": "Build solution using GPT-4.1", "description": "", "input_schema": [{"id": "fld-prompt", "name": "prompt", "dataType": "string", "description": "Main user prompt."}, {"id": "fld-systemMsg", "name": "systemMessage", "dataType": "string", "optional": true, "description": "Optional system message."}], "output_schema": []}, "type": "custom", "width": 256, "height": 62, "dragging": false, "position": {"x": 80, "y": 360}, "selected": false, "positionAbsolute": {"x": 80, "y": 360}}, {"id": "integration_3", "data": {"type": "integration", "label": "Retrieve Code Context", "config": {"icon_url": "https://cdn.simpleicons.org/github", "connection_id": "conn-1", "integration_id": "88e5b4ff-ef4e-4561-bd46-131f63f2acea"}, "icon_url": "https://cdn.simpleicons.org/github", "sublabel": "Get files from GitHub", "description": "", "input_schema": [{"id": "fld-owner", "name": "owner", "dataType": "string", "description": "Repo owner."}, {"id": "fld-repo", "name": "repo", "dataType": "string", "description": "Repo name."}, {"id": "fld-paths", "name": "paths", "dataType": "array", "description": "Array of paths to the files or directories."}], "output_schema": []}, "type": "custom", "width": 256, "height": 62, "dragging": false, "position": {"x": 80, "y": 260}, "selected": false, "positionAbsolute": {"x": 80, "y": 260}}, {"id": "data-store_2", "data": {"type": "data-store", "label": "Get Task Definition", "sublabel": "Retrieve Task from Data Store", "description": "", "input_schema": [], "output_schema": []}, "type": "custom", "width": 256, "height": 62, "dragging": false, "position": {"x": 80, "y": 100}, "selected": false, "positionAbsolute": {"x": 80, "y": 100}}, {"id": "input-1", "data": {"type": "workflow-input", "label": "Workflow Input", "sublabel": "Input: Task ID", "description": "Starting point for the workflow data.", "input_schema": [], "output_schema": [{"id": "taskid", "name": "TaskID", "dataType": "string", "optional": false}]}, "type": "custom", "width": 256, "height": 62, "dragging": false, "position": {"x": 80, "y": 0}, "selected": false, "positionAbsolute": {"x": 80, "y": 0}}]', '[{"id": "edge-M8Rv83Fc", "data": {}, "type": "custom", "style": {"stroke": "#9ca3af", "strokeWidth": 2}, "source": "input-1", "target": "data-store_2", "selected": false, "markerEnd": {"type": "arrowclosed"}, "targetHandle": null}, {"id": "edge-lFCZru5s", "data": {}, "type": "custom", "style": {"stroke": "#9ca3af", "strokeWidth": 2}, "source": "data-store_2", "target": "integration_10", "selected": false, "markerEnd": {"type": "arrowclosed"}, "targetHandle": null}, {"id": "edge-B7gHLfLx", "data": {}, "type": "custom", "style": {"stroke": "#9ca3af", "strokeWidth": 2}, "source": "integration_10", "target": "integration_3", "selected": false, "markerEnd": {"type": "arrowclosed"}, "targetHandle": null}, {"id": "edge-HqATtl1b", "data": {}, "type": "custom", "style": {"stroke": "#9ca3af", "strokeWidth": 2}, "source": "integration_4", "target": "integration_7", "selected": false, "markerEnd": {"type": "arrowclosed"}, "targetHandle": null}, {"id": "edge-jClh53RZ", "data": {"branchId": "br-tZ8lzD2O"}, "type": "custom", "style": {"stroke": "#9ca3af", "strokeWidth": 2}, "source": "integration_6", "target": "integration_11", "selected": false, "markerEnd": {"type": "arrowclosed"}, "sourceHandle": "integration_6-br-tZ8lzD2O", "targetHandle": null}, {"id": "edge-33JfINHS", "data": {}, "type": "custom", "style": {"stroke": "#9ca3af", "strokeWidth": 2}, "source": "integration_11", "target": "workflow-output_10", "selected": false, "markerEnd": {"type": "arrowclosed"}, "targetHandle": null}, {"id": "edge-GbxU3JHF", "data": {}, "type": "custom", "style": {"stroke": "#9ca3af", "strokeWidth": 2}, "source": "integration_3", "target": "integration_4", "selected": false, "markerEnd": {"type": "arrowclosed"}, "targetHandle": null}, {"id": "edge-ChRwfRcC", "data": {"branchId": "br-0Ea_-0yl"}, "type": "custom", "style": {"stroke": "#9ca3af", "strokeWidth": 2}, "source": "code-task_5", "target": "integration_6", "selected": false, "markerEnd": {"type": "arrowclosed"}, "sourceHandle": "code-task_5-br-0Ea_-0yl", "targetHandle": null}, {"id": "edge-WzVzl0KT", "data": {}, "type": "custom", "style": {"stroke": "#9ca3af", "strokeWidth": 2}, "source": "integration_7", "target": "code-task_5", "selected": false, "markerEnd": {"type": "arrowclosed"}, "targetHandle": null}, {"id": "edge-y1KGPKrG", "data": {"branchId": "act-x14VssBu"}, "type": "custom", "style": {"stroke": "#9ca3af", "strokeWidth": 2}, "source": "manual-task_9", "target": "integration_11", "selected": false, "markerEnd": {"type": "arrowclosed"}, "sourceHandle": "manual-task_9-act-x14VssBu", "targetHandle": null}, {"id": "edge-3tSStl6d", "data": {"branchId": "br-cQu58ae6"}, "type": "smart", "style": {"stroke": "#9ca3af", "strokeWidth": 2}, "source": "code-task_5", "target": "manual-task_9", "selected": false, "markerEnd": {"type": "arrowclosed"}, "sourceHandle": "code-task_5-br-cQu58ae6", "targetHandle": null}, {"id": "edge-uOD5m04e", "data": {"branchId": "br-b-2cVSSo"}, "type": "custom", "style": {"stroke": "#9ca3af", "strokeWidth": 2}, "source": "integration_6", "target": "integration_4", "selected": false, "markerEnd": {"type": "arrowclosed"}, "sourceHandle": "integration_6-br-b-2cVSSo", "targetHandle": null}, {"id": "edge-1P2NAmdY", "data": {"branchId": "act-J5vIks9f"}, "type": "custom", "style": {"stroke": "#9ca3af", "strokeWidth": 2}, "source": "manual-task_9", "target": "data-store_2", "selected": false, "markerEnd": {"type": "arrowclosed"}, "sourceHandle": "manual-task_9-act-J5vIks9f", "targetHandle": null}, {"id": "edge-FZux9Lq8", "data": {"branchId": "br-uv4AMUVD"}, "type": "custom", "style": {"stroke": "#9ca3af", "strokeWidth": 2}, "source": "code-task_5", "target": "integration_4", "markerEnd": {"type": "arrowclosed"}, "sourceHandle": "code-task_5-br-uv4AMUVD", "targetHandle": null}]', '2025-04-21 12:51:20.096087+00', '2025-04-21 12:51:20.096087+00', 'ca0b848a-42e7-4d0f-abea-7ca731bdee9f', '[{"id": "taskid", "name": "TaskID", "dataType": "string", "optional": false}]', NULL);


--
-- PostgreSQL database dump complete
--

RESET ALL;
